"system","x","y","x_name","y_name","edge_type","x_number.x","y_number.x","x_id.x","y_id.x","x_number.y","y_number.y","x_id.y","y_id.y","n_x","median_x","sh_x","q90_x","frac>0_x","variance_x","std_x","n_y","median_y","sh_y","q90_y","frac>0_y","variance_y","std_y","abs_delta","delta","cohens_d","pct_change","abs_pct_change","system_name"
"Pre_gastrulation","PGa_M1","PGa_M2","Oocyte","1-cell","Developmental progression",1,2,181,1,NA,NA,"","",NA,NA,0.00609434159508863,NA,NA,NA,NA,NA,NA,0.0244508267734806,NA,NA,NA,NA,0.018356485178392,0.018356485178392,NA,NA,NA,""
"Pre_gastrulation","PGa_M2","PGa_M3","1-cell","2-cell","Developmental progression",2,3,1,2,NA,NA,"","",NA,NA,-0.0207996821248099,NA,NA,NA,NA,NA,NA,-0.00309058964137604,NA,NA,NA,NA,0.0177090924834339,0.0177090924834339,NA,NA,NA,""
"Pre_gastrulation","PGa_M3","PGa_M4","2-cell","4-cell","Developmental progression",3,4,2,3,NA,NA,"","",NA,NA,0.0150090239161291,NA,NA,NA,NA,NA,NA,-0.00856655644326215,NA,NA,NA,NA,0.0235755803593913,-0.0235755803593913,NA,NA,NA,""
"Pre_gastrulation","PGa_M4","PGa_M5","4-cell","8-cell","Developmental progression",4,5,3,4,NA,NA,"","",NA,NA,0.0188112943278243,NA,NA,NA,NA,NA,NA,-0.00704267100976459,NA,NA,NA,NA,0.0258539653375889,-0.0258539653375889,NA,NA,NA,""
"Pre_gastrulation","PGa_M5","PGa_M6","8-cell","Morula","Developmental progression",5,6,4,153,NA,NA,"","",NA,NA,-0.0390207037730767,NA,NA,NA,NA,NA,NA,0.010646183711067,NA,NA,NA,NA,0.0496668874841437,0.0496668874841437,NA,NA,NA,""
"Pre_gastrulation","PGa_M6","PGa_M7","Morula","Inner cell mass","Developmental progression",6,7,153,121,NA,NA,"","",NA,NA,-0.0260435901372464,NA,NA,NA,NA,NA,NA,0.00730888128728157,NA,NA,NA,NA,0.0333524714245279,0.0333524714245279,NA,NA,NA,""
"Pre_gastrulation","PGa_M6","PGa_M8","Morula","Trophectoderm","Developmental progression",6,8,153,254,NA,NA,"","",NA,NA,0.00255680806334571,NA,NA,NA,NA,NA,NA,0.00825465223191977,NA,NA,NA,NA,0.00569784416857406,0.00569784416857406,NA,NA,NA,""
"Pre_gastrulation","PGa_M8","PGa_M9","Trophectoderm","Extraembryonic ectoderm","Developmental progression",8,9,254,87,NA,NA,"","",NA,NA,-0.00632485184687164,NA,NA,NA,NA,NA,NA,0.00861642006015765,NA,NA,NA,NA,0.0149412719070293,0.0149412719070293,NA,NA,NA,""
"Pre_gastrulation","PGa_M7","PGa_M10","Inner cell mass","Hypoblast","Developmental progression",7,10,121,117,NA,NA,"","",NA,NA,-0.000336023150085776,NA,NA,NA,NA,NA,NA,0.0428329520174092,NA,NA,NA,NA,0.043168975167495,0.043168975167495,NA,NA,NA,""
"Pre_gastrulation","PGa_M10","PGa_M11","Hypoblast","Parietal endoderm","Developmental progression",10,11,117,194,NA,NA,"","",NA,NA,-0.0170608785514716,NA,NA,NA,NA,NA,NA,-0.00812830032769231,NA,NA,NA,NA,0.00893257822377929,0.00893257822377929,NA,NA,NA,""
"Pre_gastrulation","PGa_M10","PGa_M12","Hypoblast","Visceral endoderm","Developmental progression",10,12,117,262,NA,NA,"","",NA,NA,0.0175879594972566,NA,NA,NA,NA,NA,NA,-0.0102448545814307,NA,NA,NA,NA,0.0278328140786873,-0.0278328140786873,NA,NA,NA,""
"Pre_gastrulation","PGa_M12","PGa_M13","Visceral endoderm","Extraembryonic visceral endoderm","Developmental progression",12,13,262,89,NA,NA,"","",NA,NA,0.015555838708579,NA,NA,NA,NA,NA,NA,-0.0162754545649576,NA,NA,NA,NA,0.0318312932735365,-0.0318312932735365,NA,NA,NA,""
"Pre_gastrulation","PGa_M12","PGa_M14","Visceral endoderm","Embryonic visceral endoderm","Developmental progression",12,14,262,81,NA,NA,"","",NA,NA,0.00132061395122432,NA,NA,NA,NA,NA,NA,0.0123195884515099,NA,NA,NA,NA,0.0109989745002856,0.0109989745002856,NA,NA,NA,""
"Pre_gastrulation","PGa_M7","PGa_M15","Inner cell mass","Epiblast","Developmental progression",7,15,121,86,NA,NA,"","",NA,NA,0.00935018684504091,NA,NA,NA,NA,NA,NA,-0.0022789491530975,NA,NA,NA,NA,0.0116291359981384,-0.0116291359981384,NA,NA,NA,""
"Pre_gastrulation","PGa_M15","PGa_M16","Epiblast","Primitive streak","Developmental progression",15,16,86,209,NA,NA,"","",NA,NA,-0.0171858492576648,NA,NA,NA,NA,NA,NA,-0.0168031295392506,NA,NA,NA,NA,0.000382719718414203,0.000382719718414203,NA,NA,NA,""
"Pre_gastrulation","PGa_M14","Ga_M4","Embryonic visceral endoderm","Embryonic visceral endoderm","Dataset equivalence",14,20,81,81,NA,NA,"","",NA,NA,0.00737501568164998,NA,NA,NA,NA,NA,NA,-0.0164896243138248,NA,NA,NA,NA,0.0238646399954748,-0.0238646399954748,NA,NA,NA,""
"Pre_gastrulation","PGa_M9","Ga_M1","Extraembryonic ectoderm","Extraembryonic ectoderm","Dataset equivalence",9,17,87,87,NA,NA,"","",NA,NA,-0.01917765201658,NA,NA,NA,NA,NA,NA,0.013011855756494,NA,NA,NA,NA,0.032189507773074,0.032189507773074,NA,NA,NA,""
"Pre_gastrulation","PGa_M15","Ga_M5","Epiblast","Epiblast","Dataset equivalence",15,21,86,86,NA,NA,"","",NA,NA,0.0175690060261455,NA,NA,NA,NA,NA,NA,0.0148650834240688,NA,NA,NA,NA,0.00270392260207661,-0.00270392260207661,NA,NA,NA,""
"Pre_gastrulation","PGa_M13","Ga_M3","Extraembryonic visceral endoderm","Extraembryonic visceral endoderm","Dataset equivalence",13,19,89,89,NA,NA,"","",NA,NA,-0.000998518219725058,NA,NA,NA,NA,NA,NA,0.0108630853661039,NA,NA,NA,NA,0.011861603585829,0.011861603585829,NA,NA,NA,""
"Pre_gastrulation","PGa_M16","Ga_M6","Primitive streak","Primitive streak","Dataset equivalence",16,22,209,209,NA,NA,"","",NA,NA,-0.00369724727090521,NA,NA,NA,NA,NA,NA,-0.0133101941457739,NA,NA,NA,NA,0.00961294687486867,-0.00961294687486867,NA,NA,NA,""
"Pre_gastrulation","PGa_M11","Ga_M2","Parietal endoderm","Parietal endoderm","Dataset equivalence",11,18,194,194,NA,NA,"","",NA,NA,-0.0136185908880788,NA,NA,NA,NA,NA,NA,0.0046432264613344,NA,NA,NA,NA,0.0182618173494132,0.0182618173494132,NA,NA,NA,""
"Gastrulation","Ga_M10","Ga_M16","Anterior primitive streak","Definitive endoderm","Developmental progression",26,32,22,69,893,354,"Ga_M10","Ga_M16",893,0,0.0011593878312803,0,0.0145576707726763,0.0001357495905676,0.0116511626272934,354,0,0.0002605147520401,0,0.0112994350282485,8.46339855217219e-06,0.0029091920789408,0.0008988730792401,-0.0008988730792401,-0.1059,-77.5299735764446,77.5299735764446,"Gastrulation"
"Gastrulation","Ga_M11","Ga_M33","Blood progenitors","Primitive erythroid cells","Developmental progression",27,49,35,208,2978,6732,"Ga_M11","Ga_M33",2978,0,0.0004122453548242,0,0.0073875083948959,3.89009770780549e-05,0.0062370647806524,6732,0,0.0004304977883409,0,0.0092097445038621,3.11595271109356e-05,0.0055820719370978,1.82524335166588e-05,1.82524335166588e-05,0.0031,4.42756559972387,4.42756559972387,"Gastrulation"
"Gastrulation","Ga_M5","Ga_M6","Epiblast","Primitive streak","Developmental progression",21,22,86,209,11315,7573,"Ga_M5","Ga_M6",11315,0,0.0005461285412677,0,0.0088378258948298,5.68913904881274e-05,0.0075426381650008,7573,0,0.0005834176973751,0,0.0079228839297504,6.9651354907512e-05,0.0083457387274891,3.72891561074408e-05,3.72891561074408e-05,0.0047,6.82790832005976,6.82790832005976,"Gastrulation"
"Gastrulation","Ga_M31","Ga_M25","Paraxial mesoderm (Tbx6+)","Intermediate mesoderm","Developmental progression",47,41,192,122,6185,1064,"Ga_M31","Ga_M25",6185,0,0.0069135722626425,0,0.0780921584478577,0.0008626574927838,0.0293710315240007,1064,0,0.0089153091060985,0.0025444444444444,0.101503759398496,0.0010831281005442,0.0329109115726728,0.0020017368434559,0.0020017368434559,0.0642,28.9537270662859,28.9537270662859,"Gastrulation"
"Gastrulation","Ga_M4","Ga_M21","Embryonic visceral endoderm","Gut","Developmental progression",20,37,81,108,1260,1896,"Ga_M4","Ga_M21",1260,0,0.0010089065255731,0,0.0087301587301587,0.000196070180174,0.0140025062104624,1896,0,0.0180522737927801,0.076,0.147679324894515,0.0026614150060001,0.0515889039038448,0.0170433672672069,0.0170433672672069,0.4509,1689.29101311185,1689.29101311185,"Gastrulation"
"Gastrulation","Ga_M15","Ga_M36","Definitive ectoderm","Surface ectoderm","Developmental progression",31,52,68,245,6516,2795,"Ga_M15","Ga_M36",6516,0,0.0031198247049996,0,0.0334561080417434,0.0004280646843962,0.0206897241256687,2795,0,0.0026115682766845,0,0.0314847942754919,0.0003417553695426,0.0184866267756636,0.0005082564283151,-0.0005082564283151,-0.0259,-16.2911854470733,16.2911854470733,"Gastrulation"
"Gastrulation","Ga_M18","Ga_M7","Extraembryonic mesoderm","Allantois","Developmental progression",34,23,88,13,3194,2804,"Ga_M18","Ga_M7",3194,0,0.0240241077019411,0.112344444444444,0.210081402629931,0.0032573043062573,0.0570727983040727,2804,0,0.0045471152322079,0,0.0542082738944365,0.0005838386244891,0.0241627528334251,0.0194769924697331,-0.0194769924697331,-0.4444,-81.0726987714905,81.0726987714905,"Gastrulation"
"Gastrulation","Ga_M13","Ga_M32","Cardiopharyngeal mesoderm","Paraxial mesoderm (Tbx6-)","Developmental progression",29,48,45,193,2214,3107,"Ga_M13","Ga_M32",2214,0,0.0099859480076282,0.0101999999999999,0.105691056910569,0.0012668771545747,0.0355932178170884,3107,0,0.0165324893609412,0.0620444444444445,0.144190537495977,0.0024506276704615,0.0495038147061572,0.006546541353313,0.006546541353313,0.1518,65.5575349312068,65.5575349312068,"Gastrulation"
"Gastrulation","Ga_M5","Ga_M15","Epiblast","Definitive ectoderm","Developmental progression",21,31,86,68,11315,6516,"Ga_M5","Ga_M15",11315,0,0.0005461285412677,0,0.0088378258948298,5.68913904881274e-05,0.0075426381650008,6516,0,0.0031198247049996,0,0.0334561080417434,0.0004280646843962,0.0206897241256687,0.0025736961637319,0.0025736961637319,0.1653,471.261977584537,471.261977584537,"Gastrulation"
"Gastrulation","Ga_M14","Ga_M31","CLE and NMPs","Paraxial mesoderm (Tbx6+)","Developmental progression",30,47,42,192,4992,6185,"Ga_M14","Ga_M31",4992,0,0.006091635505698,0,0.0586939102564102,0.0009089940649455,0.0301495284365371,6185,0,0.0069135722626425,0,0.0780921584478577,0.0008626574927838,0.0293710315240007,0.0008219367569445,0.0008219367569445,0.0276,13.4928748802479,13.4928748802479,"Gastrulation"
"Gastrulation","Ga_M15","Ga_M35","Definitive ectoderm","Spinal cord","Developmental progression",31,51,68,230,6516,2150,"Ga_M15","Ga_M35",6516,0,0.0031198247049996,0,0.0334561080417434,0.0004280646843962,0.0206897241256687,2150,0,0.015675142118863,0.0439666666666667,0.129302325581395,0.0024370790749084,0.0493667810871684,0.0125553174138633,0.0125553174138633,0.3317,402.436630293456,402.436630293456,"Gastrulation"
"Gastrulation","Ga_M28","Ga_M31","Nascent mesoderm","Paraxial mesoderm (Tbx6+)","Developmental progression",44,47,164,192,5501,6185,"Ga_M28","Ga_M31",5501,0,0.0032225857924821,0,0.0461734230139974,0.0003400304824716,0.0184399154681253,6185,0,0.0069135722626425,0,0.0780921584478577,0.0008626574927838,0.0293710315240007,0.0036909864701604,0.0036909864701604,0.1505,114.534932747825,114.534932747825,"Gastrulation"
"Gastrulation","Ga_M15","Ga_M27","Definitive ectoderm","Midbrain","Developmental progression",31,43,68,147,6516,1228,"Ga_M15","Ga_M27",6516,0,0.0031198247049996,0,0.0334561080417434,0.0004280646843962,0.0206897241256687,1228,0,0.0038412956930872,0,0.0456026058631921,0.0005452337297011,0.0233502404634551,0.0007214709880875,0.0007214709880875,0.0327,23.1253694135884,23.1253694135884,"Gastrulation"
"Gastrulation","Ga_M14","Ga_M35","CLE and NMPs","Spinal cord","Developmental progression",30,51,42,230,4992,2150,"Ga_M14","Ga_M35",4992,0,0.006091635505698,0,0.0586939102564102,0.0009089940649455,0.0301495284365371,2150,0,0.015675142118863,0.0439666666666667,0.129302325581395,0.0024370790749084,0.0493667810871684,0.009583506613165,0.009583506613165,0.2343,157.322390747129,157.322390747129,"Gastrulation"
"Gastrulation","Ga_M26","Ga_M25","Lateral plate mesoderm","Intermediate mesoderm","Developmental progression",42,41,128,122,2580,1064,"Ga_M26","Ga_M25",2580,0,0.0180307924203273,0.0815666666666667,0.163178294573643,0.0023549534313269,0.048527862422808,1064,0,0.0089153091060985,0.0025444444444444,0.101503759398496,0.0010831281005442,0.0329109115726728,0.0091154833142287,-0.0091154833142287,-0.2199,-50.5550898803107,50.5550898803107,"Gastrulation"
"Gastrulation","Ga_M15","Ga_M20","Definitive ectoderm","Forebrain","Developmental progression",31,36,68,96,6516,1429,"Ga_M15","Ga_M20",6516,0,0.0031198247049996,0,0.0334561080417434,0.0004280646843962,0.0206897241256687,1429,0,0.0092119586346318,0,0.0755773268019594,0.0015672469464921,0.0395884698680333,0.0060921339296321,0.0060921339296321,0.1929,195.271674074164,195.271674074164,"Gastrulation"
"Gastrulation","Ga_M6","Ga_M28","Primitive streak","Nascent mesoderm","Developmental progression",22,44,209,164,7573,5501,"Ga_M6","Ga_M28",7573,0,0.0005834176973751,0,0.0079228839297504,6.9651354907512e-05,0.0083457387274891,5501,0,0.0032225857924821,0,0.0461734230139974,0.0003400304824716,0.0184399154681253,0.0026391680951069,0.0026391680951069,0.1844,452.363393668161,452.363393668161,"Gastrulation"
"Gastrulation","Ga_M23","Ga_M11","Hematoendothelial progenitors","Blood progenitors","Developmental progression",39,27,110,35,2598,2978,"Ga_M23","Ga_M11",2598,0,0.0010999914464117,0,0.0161662817551963,0.0001422151864686,0.0119254008934142,2978,0,0.0004122453548242,0,0.0073875083948959,3.89009770780549e-05,0.0062370647806524,0.0006877460915875,-0.0006877460915875,-0.0723,-62.5228581395762,62.5228581395762,"Gastrulation"
"Gastrulation","Ga_M36","Ga_M8","Surface ectoderm","Amniotic ectoderm","Developmental progression",52,24,245,18,2795,524,"Ga_M36","Ga_M8",2795,0,0.0026115682766845,0,0.0314847942754919,0.0003417553695426,0.0184866267756636,524,0,0.0015600084817642,0,0.0305343511450381,0.0001166484469559,0.0108003910556978,0.0010515597949203,-0.0010515597949203,-0.0695,-40.2654529199339,40.2654529199339,"Gastrulation"
"Gastrulation","Ga_M28","Ga_M18","Nascent mesoderm","Extraembryonic mesoderm","Developmental progression",44,34,164,88,5501,3194,"Ga_M28","Ga_M18",5501,0,0.0032225857924821,0,0.0461734230139974,0.0003400304824716,0.0184399154681253,3194,0,0.0240241077019411,0.112344444444444,0.210081402629931,0.0032573043062573,0.0570727983040727,0.0208015219094589,0.0208015219094589,0.4905,645.491640842763,645.491640842763,"Gastrulation"
"Gastrulation","Ga_M16","Ga_M21","Definitive endoderm","Gut","Developmental progression",32,37,69,108,354,1896,"Ga_M16","Ga_M21",354,0,0.0002605147520401,0,0.0112994350282485,8.46339855217219e-06,0.0029091920789408,1896,0,0.0180522737927801,0.076,0.147679324894515,0.0026614150060001,0.0515889039038448,0.0177917590407399,0.0177917590407399,0.487,6829.46316913222,6829.46316913222,"Gastrulation"
"Gastrulation","Ga_M18","Ga_M22","Extraembryonic mesoderm","Gut mesenchyme","Developmental progression",34,38,88,109,3194,1065,"Ga_M18","Ga_M22",3194,0,0.0240241077019411,0.112344444444444,0.210081402629931,0.0032573043062573,0.0570727983040727,1065,0.0228888888888888,0.0743738132498696,0.215844444444444,0.536150234741784,0.007867894605079,0.0887011533469494,0.0503497055479284,0.0503497055479284,0.6751,209.579919356839,209.579919356839,"Gastrulation"
"Gastrulation","Ga_M23","Ga_M17","Hematoendothelial progenitors","Endothelium","Developmental progression",39,33,110,83,2598,982,"Ga_M23","Ga_M17",2598,0,0.0010999914464117,0,0.0161662817551963,0.0001422151864686,0.0119254008934142,982,0,0.000744512333107,0,0.0091649694501018,9.90138555975057e-05,0.0099505706166785,0.0003554791133047,-0.0003554791133047,-0.0324,-32.316534320728,32.316534320728,"Gastrulation"
"Gastrulation","Ga_M18","Ga_M9","Extraembryonic mesoderm","Amniotic mesoderm","Developmental progression",34,25,88,19,3194,1152,"Ga_M18","Ga_M9",3194,0,0.0240241077019411,0.112344444444444,0.210081402629931,0.0032573043062573,0.0570727983040727,1152,0,0.0083873456790123,0,0.0868055555555555,0.0010742258881464,0.0327753854004252,0.0156367620229287,-0.0156367620229287,-0.336,-65.0877952135777,65.0877952135777,"Gastrulation"
"Gastrulation","Ga_M36","Ga_M14","Surface ectoderm","CLE and NMPs","Developmental progression",52,30,245,42,2795,4992,"Ga_M36","Ga_M14",2795,0,0.0026115682766845,0,0.0314847942754919,0.0003417553695426,0.0184866267756636,4992,0,0.006091635505698,0,0.0586939102564102,0.0009089940649455,0.0301495284365371,0.0034800672290134,0.0034800672290134,0.1392,133.255839415827,133.255839415827,"Gastrulation"
"Gastrulation","Ga_M26","Ga_M9","Lateral plate mesoderm","Amniotic mesoderm","Developmental progression",42,25,128,19,2580,1152,"Ga_M26","Ga_M9",2580,0,0.0180307924203273,0.0815666666666667,0.163178294573643,0.0023549534313269,0.048527862422808,1152,0,0.0083873456790123,0,0.0868055555555555,0.0010742258881464,0.0327753854004252,0.0096434467413149,-0.0096434467413149,-0.2329,-53.4832109233495,53.4832109233495,"Gastrulation"
"Gastrulation","Ga_M26","Ga_M12","Lateral plate mesoderm","Cardiogenic mesoderm","Developmental progression",42,28,128,44,2580,877,"Ga_M26","Ga_M12",2580,0,0.0180307924203273,0.0815666666666667,0.163178294573643,0.0023549534313269,0.048527862422808,877,0,0.0031095907766375,0,0.0319270239452679,0.0004717513083573,0.0217198367479441,0.0149212016436897,-0.0149212016436897,-0.3969,-82.7539982483971,82.7539982483971,"Gastrulation"
"Gastrulation","Ga_M15","Ga_M24","Definitive ectoderm","Hindbrain","Developmental progression",31,40,68,115,6516,1075,"Ga_M15","Ga_M24",6516,0,0.0031198247049996,0,0.0334561080417434,0.0004280646843962,0.0206897241256687,1075,0,0.0103043927648578,0,0.0911627906976744,0.0015086130430807,0.0388408682070928,0.0071845680598582,0.0071845680598582,0.2309,230.287555847116,230.287555847116,"Gastrulation"
"Gastrulation","Ga_M7","Ga_M23","Allantois","Hematoendothelial progenitors","Developmental progression",23,39,13,110,2804,2598,"Ga_M7","Ga_M23",2804,0,0.0045471152322079,0,0.0542082738944365,0.0005838386244891,0.0241627528334251,2598,0,0.0010999914464117,0,0.0161662817551963,0.0001422151864686,0.0119254008934142,0.0034471237857961,-0.0034471237857961,-0.1809,-75.8090263774194,75.8090263774194,"Gastrulation"
"Gastrulation","Ga_M28","Ga_M23","Nascent mesoderm","Hematoendothelial progenitors","Developmental progression",44,39,164,110,5501,2598,"Ga_M28","Ga_M23",5501,0,0.0032225857924821,0,0.0461734230139974,0.0003400304824716,0.0184399154681253,2598,0,0.0010999914464117,0,0.0161662817551963,0.0001422151864686,0.0119254008934142,0.0021225943460704,-0.0021225943460704,-0.1367,-65.8661858133338,65.8661858133338,"Gastrulation"
"Gastrulation","Ga_M15","Ga_M34","Definitive ectoderm","Primordial germ cells","Developmental progression",31,50,68,210,6516,380,"Ga_M15","Ga_M34",6516,0,0.0031198247049996,0,0.0334561080417434,0.0004280646843962,0.0206897241256687,380,0,0.002028947368421,0,0.0236842105263157,0.0002720440798688,0.0164937588156514,0.0010908773365786,-0.0010908773365786,-0.0583,-34.9659817370645,34.9659817370645,"Gastrulation"
"Gastrulation","Ga_M15","Ga_M29","Definitive ectoderm","Neural crest","Developmental progression",31,45,68,167,6516,721,"Ga_M15","Ga_M29",6516,0,0.0031198247049996,0,0.0334561080417434,0.0004280646843962,0.0206897241256687,721,0,0.0002769301895515,0,0.0083217753120665,1.23883094657816e-05,0.0035197030365901,0.0028428945154481,-0.0028428945154481,-0.1916,-91.1235336681655,91.1235336681655,"Gastrulation"
"Gastrulation","Ga_M6","Ga_M34","Primitive streak","Primordial germ cells","Developmental progression",22,50,209,210,7573,380,"Ga_M6","Ga_M34",7573,0,0.0005834176973751,0,0.0079228839297504,6.9651354907512e-05,0.0083457387274891,380,0,0.002028947368421,0,0.0236842105263157,0.0002720440798688,0.0164937588156514,0.0014455296710458,0.0014455296710458,0.1106,247.769253066778,247.769253066778,"Gastrulation"
"Gastrulation","Ga_M26","Ga_M22","Lateral plate mesoderm","Gut mesenchyme","Developmental progression",42,38,128,109,2580,1065,"Ga_M26","Ga_M22",2580,0,0.0180307924203273,0.0815666666666667,0.163178294573643,0.0023549534313269,0.048527862422808,1065,0.0228888888888888,0.0743738132498696,0.215844444444444,0.536150234741784,0.007867894605079,0.0887011533469494,0.0563430208295422,0.0563430208295422,0.7881,312.482222168023,312.482222168023,"Gastrulation"
"Gastrulation","Ga_M10","Ga_M30","Anterior primitive streak","Notochord","Developmental progression",26,46,22,174,893,952,"Ga_M10","Ga_M30",893,0,0.0011593878312803,0,0.0145576707726763,0.0001357495905676,0.0116511626272934,952,0,0.0314645191409897,0.158433333333333,0.233193277310924,0.0043524829344597,0.0659733501836897,0.0303051313097094,0.0303051313097094,0.6397,2613.89075269515,2613.89075269515,"Gastrulation"
"Gastrulation","Ga_M6","Ga_M10","Primitive streak","Anterior primitive streak","Developmental progression",22,26,209,22,7573,893,"Ga_M6","Ga_M10",7573,0,0.0005834176973751,0,0.0079228839297504,6.9651354907512e-05,0.0083457387274891,893,0,0.0011593878312803,0,0.0145576707726763,0.0001357495905676,0.0116511626272934,0.0005759701339051,0.0005759701339051,0.0568,98.7234594522013,98.7234594522013,"Gastrulation"
"Gastrulation","Ga_M28","Ga_M13","Nascent mesoderm","Cardiopharyngeal mesoderm","Developmental progression",44,29,164,45,5501,2214,"Ga_M28","Ga_M13",5501,0,0.0032225857924821,0,0.0461734230139974,0.0003400304824716,0.0184399154681253,2214,0,0.0099859480076282,0.0101999999999999,0.105691056910569,0.0012668771545747,0.0355932178170884,0.006763362215146,0.006763362215146,0.2386,209.873767547911,209.873767547911,"Gastrulation"
"Gastrulation","Ga_M28","Ga_M34","Nascent mesoderm","Primordial germ cells","Developmental progression",44,50,164,210,5501,380,"Ga_M28","Ga_M34",5501,0,0.0032225857924821,0,0.0461734230139974,0.0003400304824716,0.0184399154681253,380,0,0.002028947368421,0,0.0236842105263157,0.0002720440798688,0.0164937588156514,0.0011936384240611,-0.0011936384240611,-0.0682,-37.039771814476,37.039771814476,"Gastrulation"
"Gastrulation","Ga_M35","Ga_M19","Spinal cord","Floor plate","Developmental progression",51,35,230,94,2150,258,"Ga_M35","Ga_M19",2150,0,0.015675142118863,0.0439666666666667,0.129302325581395,0.0024370790749084,0.0493667810871684,258,0.0766666666666666,0.0965757967269595,0.255,0.593023255813954,0.0099001917873845,0.0994997074738642,0.0809006546080964,0.0809006546080964,1.03,516.107949737456,516.107949737456,"Gastrulation"
"Gastrulation","Ga_M14","Ga_M34","CLE and NMPs","Primordial germ cells","Developmental progression",30,50,42,210,4992,380,"Ga_M14","Ga_M34",4992,0,0.006091635505698,0,0.0586939102564102,0.0009089940649455,0.0301495284365371,380,0,0.002028947368421,0,0.0236842105263157,0.0002720440798688,0.0164937588156514,0.0040626881372769,-0.0040626881372769,-0.1672,-66.6928960781844,66.6928960781844,"Gastrulation"
"Gastrulation","Ga_M28","Ga_M26","Nascent mesoderm","Lateral plate mesoderm","Developmental progression",44,42,164,128,5501,2580,"Ga_M28","Ga_M26",5501,0,0.0032225857924821,0,0.0461734230139974,0.0003400304824716,0.0184399154681253,2580,0,0.0180307924203273,0.0815666666666667,0.163178294573643,0.0023549534313269,0.048527862422808,0.0148082066278451,0.0148082066278451,0.4034,459.513185417453,459.513185417453,"Gastrulation"
"Gastrulation","Ga_M28","Ga_M32","Nascent mesoderm","Paraxial mesoderm (Tbx6-)","Developmental progression",44,48,164,193,5501,3107,"Ga_M28","Ga_M32",5501,0,0.0032225857924821,0,0.0461734230139974,0.0003400304824716,0.0184399154681253,3107,0,0.0165324893609412,0.0620444444444445,0.144190537495977,0.0024506276704615,0.0495038147061572,0.013309903568459,0.013309903568459,0.3563,413.019370950779,413.019370950779,"Gastrulation"
"Notochord","No_M1","No_M2","Notochord","Ciliated nodal cells","Developmental progression",282,283,174,53,282,283,"40","262",3752,0.318333333333333,0.283269485903814,0.476266666666667,0.870202558635394,0.0239114792996911,0.154633370588923,60,0.311,0.297072222222222,0.342988888888889,0.916666666666667,0.0132365418811466,0.115050171147837,0.013803,0.013803,0.1013,4.87,4.87,"Notochord"
"Blood","B_M8","B_M9","Definitive early erythroblasts (CD36-)","Definitive erythroblasts (CD36+)","Developmental progression",206,207,67,70,206,207,"188","189",929291,0,0.0188329592727741,0.0618888888888888,0.118425767601322,0.003459775323524,0.0588198548410653,92446,0,0.0039714439901251,0,0.0157605521060943,0.0010312823537838,0.0321135851904423,0.014862,-0.014862,-0.3136,-78.91,78.91,"Blood"
"Blood","B_M11","B_M18","Hematopoietic stem cells (Cd34+)","Monocytes","Developmental progression",183,190,111,151,183,190,"166","173",37750,0,0.0158012774098601,0.034,0.113456953642384,0.0027579163465405,0.0525158675691499,29268,0,0.0056960540901705,0,0.0406245729123957,0.0010604886199337,0.0325651442486241,0.010105,-0.010105,-0.2313,-63.95,63.95,"Blood"
"Blood","B_M19","B_M23","Monocytic myeloid-derived suppressor cells","PMN myeloid-derived suppressor cells","Developmental progression",191,196,152,186,191,196,"174","179",24741,0,0.0033044384265434,0,0.0214219312073077,0.000653003509492,0.0255539333467863,15382,0,0.0018243834785246,0,0.0086464698998829,0.000418519796109,0.0204577563801361,0.00148,-0.00148,-0.0639,-44.79,44.79,"Blood"
"Blood","B_M25","B_M26","Regulatory T cells","T cells","Developmental progression",198,199,213,247,198,199,"180","181",9800,0,0.0239902040816326,0.116688888888889,0.146530612244898,0.0044051856007314,0.0663715722333846,70028,0,0.017122393899583,0,0.0949334551893528,0.0034540435011949,0.0587711111107736,0.006868,-0.006868,-0.1096,-28.63,28.63,"Blood"
"Blood","B_M26","B_M1","T cells","Activated T cells","Developmental progression",199,181,247,5,199,181,"181","164",70028,0,0.017122393899583,0,0.0949334551893528,0.0034540435011949,0.0587711111107736,6621,0,0.0147628421352934,0,0.0673614257665005,0.0033148966886082,0.0575751395014219,0.00236,-0.00236,-0.0406,-13.78,13.78,"Blood"
"Blood","B_M15","B_M8","Megakaryocyte-erythroid progenitors","Definitive early erythroblasts (CD36-)","Developmental progression",187,206,138,67,187,206,"170","188",13436,0,0.0264352485858886,0.126722222222222,0.183983328371539,0.0044750089015404,0.0668955073345019,929291,0,0.0188329592727741,0.0618888888888888,0.118425767601322,0.003459775323524,0.0588198548410653,0.007602,-0.007602,-0.1207,-28.76,28.76,"Blood"
"Blood","B_M5","B_M17","Border-associated macrophages","Microglia","Developmental progression",203,189,36,145,203,189,"185","172",65191,0,0.007769830191284,0,0.0488410976975349,0.0015727115106012,0.0396574269286498,8382,0,0.0088159018001537,0,0.0547602004294917,0.0017259274419915,0.0415442829038063,0.001046,0.001046,0.0258,13.46,13.46,"Blood"
"Blood","B_M11","B_M5","Hematopoietic stem cells (Cd34+)","Border-associated macrophages","Developmental progression",183,203,111,36,183,203,"166","185",37750,0,0.0158012774098601,0.034,0.113456953642384,0.0027579163465405,0.0525158675691499,65191,0,0.007769830191284,0,0.0488410976975349,0.0015727115106012,0.0396574269286498,0.008031,-0.008031,-0.1726,-50.83,50.83,"Blood"
"Blood","B_M12","B_M19","Hematopoietic stem cells (Mpo+)","Monocytic myeloid-derived suppressor cells","Developmental progression",184,191,112,152,184,191,"167","174",23128,0,0.0095232810638379,0,0.0679263230716015,0.0017161458946865,0.0414263912824482,24741,0,0.0033044384265434,0,0.0214219312073077,0.000653003509492,0.0255539333467863,0.006219,-0.006219,-0.1807,-65.3,65.3,"Blood"
"Blood","B_M11","B_M12","Hematopoietic stem cells (Cd34+)","Hematopoietic stem cells (Mpo+)","Developmental progression",183,184,111,112,183,184,"166","167",37750,0,0.0158012774098601,0.034,0.113456953642384,0.0027579163465405,0.0525158675691499,23128,0,0.0095232810638379,0,0.0679263230716015,0.0017161458946865,0.0414263912824482,0.006278,-0.006278,-0.1327,-39.73,39.73,"Blood"
"Blood","B_M11","B_M7","Hematopoietic stem cells (Cd34+)","Conventional dendritic cells","Developmental progression",183,205,111,61,183,205,"166","187",37750,0,0.0158012774098601,0.034,0.113456953642384,0.0027579163465405,0.0525158675691499,4582,0,0.0095962704301857,0,0.0571802706241815,0.0019485258751459,0.044142109998797,0.006205,-0.006205,-0.1279,-39.27,39.27,"Blood"
"Blood","B_M3","B_M4","B cell progenitors","B cells","Developmental progression",201,202,29,30,201,202,"183","184",1295,0,0.0293317889317889,0.1462,0.186100386100386,0.0051151577437156,0.0715203309815859,43057,0,0.014974537628415,0,0.0829365724504726,0.0030366934368175,0.0551062014370206,0.014357,-0.014357,-0.2249,-48.95,48.95,"Blood"
"Blood","B_M11","B_M8","Hematopoietic stem cells (Cd34+)","Definitive early erythroblasts (CD36-)","Developmental progression",183,206,111,67,183,206,"166","188",37750,0,0.0158012774098601,0.034,0.113456953642384,0.0027579163465405,0.0525158675691499,929291,0,0.0188329592727741,0.0618888888888888,0.118425767601322,0.003459775323524,0.0588198548410653,0.003032,0.003032,0.0544,19.19,19.19,"Blood"
"Blood","B_M5","B_M13","Border-associated macrophages","Kupffer cells","Developmental progression",203,185,36,127,203,185,"185","168",65191,0,0.007769830191284,0,0.0488410976975349,0.0015727115106012,0.0396574269286498,33417,0,0.0050524317296918,0,0.0351018942454439,0.0009416371102763,0.0306861061439261,0.002717,-0.002717,-0.0766,-34.97,34.97,"Blood"
"Blood","B_M27","B_M26","T-NK progenitors","T cells","Developmental progression",200,199,248,247,200,199,"182","181",1901,0,0.0138961365363259,0.003,0.100473435034192,0.0024397510975414,0.0493938366351653,70028,0,0.017122393899583,0,0.0949334551893528,0.0034540435011949,0.0587711111107736,0.003226,0.003226,0.0594,23.22,23.22,"Blood"
"Blood","B_M27","B_M25","T-NK progenitors","Regulatory T cells","Developmental progression",200,198,248,213,200,198,"182","180",1901,0,0.0138961365363259,0.003,0.100473435034192,0.0024397510975414,0.0493938366351653,9800,0,0.0239902040816326,0.116688888888889,0.146530612244898,0.0044051856007314,0.0663715722333846,0.010094,0.010094,0.1725,72.64,72.64,"Blood"
"Blood","B_M5","B_M6","Border-associated macrophages","Border-associated macrophages (Ms4a8a+)","Developmental progression",203,204,36,37,203,204,"185","186",65191,0,0.007769830191284,0,0.0488410976975349,0.0015727115106012,0.0396574269286498,4736,0,0.0039840934684684,0,0.026393581081081,0.0007576308627331,0.027525095144851,0.003786,-0.003786,-0.1109,-48.72,48.72,"Blood"
"Blood","B_M11","B_M3","Hematopoietic stem cells (Cd34+)","B cell progenitors","Developmental progression",183,201,111,29,183,201,"166","183",37750,0,0.0158012774098601,0.034,0.113456953642384,0.0027579163465405,0.0525158675691499,1295,0,0.0293317889317889,0.1462,0.186100386100386,0.0051151577437156,0.0715203309815859,0.013531,0.013531,0.2157,85.63,85.63,"Blood"
"Blood","B_M11","B_M15","Hematopoietic stem cells (Cd34+)","Megakaryocyte-erythroid progenitors","Developmental progression",183,187,111,138,183,187,"166","170",37750,0,0.0158012774098601,0.034,0.113456953642384,0.0027579163465405,0.0525158675691499,13436,0,0.0264352485858886,0.126722222222222,0.183983328371539,0.0044750089015404,0.0668955073345019,0.010634,0.010634,0.1768,67.3,67.3,"Blood"
"Blood","B_M11","B_M22","Hematopoietic stem cells (Cd34+)","Plasmacytoid dendritic cells","Developmental progression",183,195,111,201,183,195,"166","178",37750,0,0.0158012774098601,0.034,0.113456953642384,0.0027579163465405,0.0525158675691499,1101,0,0.0237710162478554,0.109666666666667,0.135331516802906,0.0046431068790437,0.0681403469248851,0.00797,0.00797,0.131,50.44,50.44,"Blood"
"Blood","B_M18","B_M7","Monocytes","Conventional dendritic cells","Developmental progression",190,205,151,61,190,205,"173","187",29268,0,0.0056960540901705,0,0.0406245729123957,0.0010604886199337,0.0325651442486241,4582,0,0.0095962704301857,0,0.0571802706241815,0.0019485258751459,0.044142109998797,0.0039,0.0039,0.1006,68.47,68.47,"Blood"
"Blood","B_M11","B_M10","Hematopoietic stem cells (Cd34+)","Granulocytes","Developmental progression",183,182,111,106,183,182,"166","165",37750,0,0.0158012774098601,0.034,0.113456953642384,0.0027579163465405,0.0525158675691499,3547,0,0.0074462299909156,0,0.0532844657457005,0.0013455086380899,0.0366811755276449,0.008355,-0.008355,-0.1845,-52.88,52.88,"Blood"
"Blood","B_M18","B_M2","Monocytes","Adipose tissue macrophages","Developmental progression",190,192,151,8,190,192,"173","175",29268,0,0.0056960540901705,0,0.0406245729123957,0.0010604886199337,0.0325651442486241,4190,0,0.0058215857862635,0,0.0369928400954653,0.0011030829853099,0.033212693135455,0.000126,0.000126,0.0038,2.2,2.2,"Blood"
"Blood","B_M11","B_M14","Hematopoietic stem cells (Cd34+)","Mast cells","Developmental progression",183,186,111,137,183,186,"166","169",37750,0,0.0158012774098601,0.034,0.113456953642384,0.0027579163465405,0.0525158675691499,23828,0,0.023093093093093,0.107,0.139541715628672,0.0043420802706989,0.0658944631262665,0.007292,0.007292,0.1224,46.15,46.15,"Blood"
"Blood","B_M11","B_M27","Hematopoietic stem cells (Cd34+)","T-NK progenitors","Developmental progression",183,200,111,248,183,200,"166","182",37750,0,0.0158012774098601,0.034,0.113456953642384,0.0027579163465405,0.0525158675691499,1901,0,0.0138961365363259,0.003,0.100473435034192,0.0024397510975414,0.0493938366351653,0.001905,-0.001905,-0.0374,-12.06,12.06,"Blood"
"Blood","B_M5","B_M21","Border-associated macrophages","Osteoclasts","Developmental progression",203,194,36,183,203,194,"185","177",65191,0,0.007769830191284,0,0.0488410976975349,0.0015727115106012,0.0396574269286498,3323,0,0.0126250041796234,0,0.0902798675895275,0.0022656184166791,0.0475985127570084,0.004855,0.004855,0.1108,62.49,62.49,"Blood"
"Blood","B_M11","B_M25","Hematopoietic stem cells (Cd34+)","Regulatory T cells","Developmental progression",183,198,111,213,183,198,"166","180",37750,0,0.0158012774098601,0.034,0.113456953642384,0.0027579163465405,0.0525158675691499,9800,0,0.0239902040816326,0.116688888888889,0.146530612244898,0.0044051856007314,0.0663715722333846,0.008189,0.008189,0.1368,51.82,51.82,"Blood"
"Blood","B_M15","B_M16","Megakaryocyte-erythroid progenitors","Megakaryocytes","Developmental progression",187,188,138,139,187,188,"170","171",13436,0,0.0264352485858886,0.126722222222222,0.183983328371539,0.0044750089015404,0.0668955073345019,14777,0,0.0108026813441308,0,0.0793801177505583,0.0018940326034832,0.0435204848718761,0.015633,-0.015633,-0.277,-59.14,59.14,"Blood"
"Blood","B_M27","B_M20","T-NK progenitors","Natural killer cells","Developmental progression",200,193,248,165,200,193,"182","176",1901,0,0.0138961365363259,0.003,0.100473435034192,0.0024397510975414,0.0493938366351653,2961,0,0.0126941723892078,0,0.0732860520094562,0.002553474797901,0.0505319186049866,0.001202,-0.001202,-0.0241,-8.65,8.65,"Blood"
"Eye","Ey_M7","Ey_M10","Eye field","Naive retinal progenitor cells","Developmental progression",106,92,90,163,106,92,"96","82",43440,0,0.0837496419071004,0.299677777777778,0.378867403314917,0.01744426089787,0.132076723527918,52693,0,0.132846308913054,0.360311111111111,0.482492930749815,0.0286415032203551,0.169238007611633,0.049097,0.049097,0.3234,58.62,58.62,"Eye"
"Eye","Ey_M10","Ey_M16","Naive retinal progenitor cells","Retinal progenitor cells","Developmental progression",92,98,163,218,92,98,"82","88",52693,0,0.132846308913054,0.360311111111111,0.482492930749815,0.0286415032203551,0.169238007611633,10201,0,0.0466714374407737,0.223666666666667,0.215763160474463,0.0105289937680871,0.102610885231963,0.086175,-0.086175,-0.6158,-64.87,64.87,"Eye"
"Eye","Ey_M7","Ey_M16","Eye field","Retinal progenitor cells","Developmental progression",106,98,90,218,106,98,"96","88",43440,0,0.0837496419071004,0.299677777777778,0.378867403314917,0.01744426089787,0.132076723527918,10201,0,0.0466714374407737,0.223666666666667,0.215763160474463,0.0105289937680871,0.102610885231963,0.037078,-0.037078,-0.3135,-44.27,44.27,"Eye"
"Eye","Ey_M16","Ey_M2","Retinal progenitor cells","Amacrine/Horizontal precursor cells","Developmental progression",98,101,218,17,98,101,"88","91",10201,0,0.0466714374407737,0.223666666666667,0.215763160474463,0.0105289937680871,0.102610885231963,5154,0,0.018701741904885,0.0199444444444443,0.101668606907257,0.0037761674905743,0.0614505288063032,0.02797,-0.02797,-0.3307,-59.93,59.93,"Eye"
"Eye","Ey_M16","Ey_M3","Retinal progenitor cells","Bipolar precursor cells","Developmental progression",98,102,218,33,98,102,"88","92",10201,0,0.0466714374407737,0.223666666666667,0.215763160474463,0.0105289937680871,0.102610885231963,3414,0,0.0247726680986786,0.117855555555556,0.141769185705917,0.0048351597117051,0.0695353126958173,0.021899,-0.021899,-0.2499,-46.92,46.92,"Eye"
"Eye","Ey_M7","Ey_M11","Eye field","Optic stalk","Developmental progression",106,93,90,182,106,93,"96","83",43440,0,0.0837496419071004,0.299677777777778,0.378867403314917,0.01744426089787,0.132076723527918,3457,0,0.100226464821779,0.299422222222222,0.478738790859126,0.0172844388966041,0.131470296632373,0.016477,0.016477,0.125,19.67,19.67,"Eye"
"Eye","Ey_M7","Ey_M5","Eye field","Ciliary margin cells","Developmental progression",106,104,90,52,106,104,"96","94",43440,0,0.0837496419071004,0.299677777777778,0.378867403314917,0.01744426089787,0.132076723527918,725,0,0.0452493486590038,0.198222222222222,0.241379310344828,0.0094454569911258,0.0971877409508308,0.0385,-0.0385,-0.332,-45.97,45.97,"Eye"
"Eye","Ey_M11","Ey_M18","Optic stalk","Suprachiasmatic nucleus","Developmental progression",93,100,182,244,93,100,"83","90",3457,0,0.100226464821779,0.299422222222222,0.478738790859126,0.0172844388966041,0.131470296632373,6017,0,0.0847104315550385,0.295333333333333,0.338374605285026,0.0184141375231787,0.135698701258261,0.015516,-0.015516,-0.1161,-15.48,15.48,"Eye"
"Eye","Ey_M12","Ey_M6","Photoreceptor precursor cells","Cone precursor cells","Developmental progression",94,105,196,58,94,105,"84","95",4703,0,0.0217245729676093,0.0615111111111111,0.103763555177546,0.004613783920803,0.0679248402339159,5744,0,0.0233325595790776,0.112788888888889,0.118906685236769,0.0049090913935407,0.0700649084316871,0.001608,0.001608,0.0233,7.4,7.4,"Eye"
"Eye","Ey_M10","Ey_M5","Naive retinal progenitor cells","Ciliary margin cells","Developmental progression",92,104,163,52,92,104,"82","94",52693,0,0.132846308913054,0.360311111111111,0.482492930749815,0.0286415032203551,0.169238007611633,725,0,0.0452493486590038,0.198222222222222,0.241379310344828,0.0094454569911258,0.0971877409508308,0.087597,-0.087597,-0.6348,-65.94,65.94,"Eye"
"Eye","Ey_M12","Ey_M17","Photoreceptor precursor cells","Rod precursor cells","Developmental progression",94,99,196,219,94,99,"84","89",4703,0,0.0217245729676093,0.0615111111111111,0.103763555177546,0.004613783920803,0.0679248402339159,2743,0,0.0202575444565965,0,0.0951512942034269,0.0044152015415939,0.0664469829382335,0.001467,-0.001467,-0.0218,-6.75,6.75,"Eye"
"Eye","Ey_M2","Ey_M1","Amacrine/Horizontal precursor cells","Amacrine cells","Developmental progression",101,91,17,16,101,91,"91","81",5154,0,0.018701741904885,0.0199444444444443,0.101668606907257,0.0037761674905743,0.0614505288063032,10061,0,0.0142520734629868,0,0.0834907066891959,0.0027805399293238,0.0527308252289284,0.00445,-0.00445,-0.0777,-23.79,23.79,"Eye"
"Eye","Ey_M16","Ey_M12","Retinal progenitor cells","Photoreceptor precursor cells","Developmental progression",98,94,218,196,98,94,"88","84",10201,0,0.0466714374407737,0.223666666666667,0.215763160474463,0.0105289937680871,0.102610885231963,4703,0,0.0217245729676093,0.0615111111111111,0.103763555177546,0.004613783920803,0.0679248402339159,0.024947,-0.024947,-0.2867,-53.45,53.45,"Eye"
"Eye","Ey_M5","Ey_M9","Ciliary margin cells","Iris pigment epithelium","Developmental progression",104,108,52,126,104,108,"94","98",725,0,0.0452493486590038,0.198222222222222,0.241379310344828,0.0094454569911258,0.0971877409508308,592,0,0.0430335960960961,0.197411111111111,0.260135135135135,0.0079839321275237,0.0893528518152817,0.002216,-0.002216,-0.0237,-4.9,4.9,"Eye"
"Eye","Ey_M16","Ey_M14","Retinal progenitor cells","Retinal ganglion cells","Developmental progression",98,96,218,216,98,96,"88","86",10201,0,0.0466714374407737,0.223666666666667,0.215763160474463,0.0105289937680871,0.102610885231963,11197,0,0.0135238307880086,0.0099777777777776,0.104492274716442,0.0022808240445035,0.0477579736222497,0.033148,-0.033148,-0.4142,-71.02,71.02,"Eye"
"Eye","Ey_M7","Ey_M15","Eye field","Retinal pigment cells","Developmental progression",106,97,90,217,106,97,"96","87",43440,0,0.0837496419071004,0.299677777777778,0.378867403314917,0.01744426089787,0.132076723527918,3242,0,0.063407190348893,0.248055555555556,0.313078346699568,0.0135438551146124,0.116378069732284,0.020342,-0.020342,-0.1634,-24.29,24.29,"Eye"
"Eye","Ey_M2","Ey_M8","Amacrine/Horizontal precursor cells","Horizontal cells","Developmental progression",101,107,17,116,101,107,"91","97",5154,0,0.018701741904885,0.0199444444444443,0.101668606907257,0.0037761674905743,0.0614505288063032,910,0,0.0214731379731379,0.0894,0.145054945054945,0.0038000749203871,0.0616447477112778,0.002771,0.002771,0.045,14.82,14.82,"Eye"
"Eye","Ey_M16","Ey_M6","Retinal progenitor cells","Cone precursor cells","Developmental progression",98,105,218,58,98,105,"88","95",10201,0,0.0466714374407737,0.223666666666667,0.215763160474463,0.0105289937680871,0.102610885231963,5744,0,0.0233325595790776,0.112788888888889,0.118906685236769,0.0049090913935407,0.0700649084316871,0.023339,-0.023339,-0.2656,-50.01,50.01,"Eye"
"Eye","Ey_M1","Ey_M4","Amacrine cells","Cholinergic amacrine cells","Developmental progression",91,103,16,48,91,103,"81","93",10061,0,0.0142520734629868,0,0.0834907066891959,0.0027805399293238,0.0527308252289284,1426,0,0.0264220040517375,0.133888888888889,0.170406732117812,0.0046181846379424,0.0679572265321533,0.01217,0.01217,0.2001,85.39,85.39,"Eye"
"Eye","Ey_M14","Ey_M13","Retinal ganglion cells","PV-containing retinal ganglion cells","Developmental progression",96,95,216,187,96,95,"86","85",11197,0,0.0135238307880086,0.0099777777777776,0.104492274716442,0.0022808240445035,0.0477579736222497,1133,0,0.0137190350102971,0.0251777777777778,0.114739629302736,0.002164595737008,0.0465252161414431,0.000195,0.000195,0.0041,1.44,1.44,"Eye"
"Renal","R_M10","R_M7","Posterior intermediate mesoderm","Metanephric mesenchyme","Developmental progression",140,150,203,144,140,150,"128","138",10600,0,0.0642664255765199,0.254,0.338679245283019,0.0124217910906456,0.111453089192923,29547,0,0.053189821865728,0.230666666666667,0.292313940501574,0.009322051400723,0.0965507711037203,0.011077,-0.011077,-0.1062,-17.24,17.24,"Renal"
"Renal","R_M8","R_M11","Nephron progenitors","Proximal tubule cells","Developmental progression",151,141,166,212,151,141,"139","129",20280,0,0.0366297830374753,0.182677777777778,0.216124260355029,0.0067386234834519,0.0820891191538312,16160,0,0.0183765264026402,0.0521111111111111,0.117388613861386,0.0034507425819729,0.058743021559781,0.018253,-0.018253,-0.2557,-49.83,49.83,"Renal"
"Renal","R_M7","R_M8","Metanephric mesenchyme","Nephron progenitors","Developmental progression",150,151,144,166,150,151,"138","139",29547,0,0.053189821865728,0.230666666666667,0.292313940501574,0.009322051400723,0.0965507711037203,20280,0,0.0366297830374753,0.182677777777778,0.216124260355029,0.0067386234834519,0.0820891191538312,0.01656,-0.01656,-0.1848,-31.13,31.13,"Renal"
"Renal","R_M1","R_M10","Anterior intermediate mesoderm","Posterior intermediate mesoderm","Developmental progression",139,140,21,203,139,140,"127","128",7846,0,0.0340170787662503,0.166444444444444,0.207494264593423,0.0063743102906263,0.0798392778688929,10600,0,0.0642664255765199,0.254,0.338679245283019,0.0124217910906456,0.111453089192923,0.030249,0.030249,0.312,88.92,88.92,"Renal"
"Renal","R_M8","R_M9","Nephron progenitors","Podocytes","Developmental progression",151,152,166,202,151,152,"139","140",20280,0,0.0366297830374753,0.182677777777778,0.216124260355029,0.0067386234834519,0.0820891191538312,4879,0,0.0463763749402199,0.223466666666667,0.247181799549088,0.0084745453860929,0.0920572940406837,0.009747,0.009747,0.1118,26.61,26.61,"Renal"
"Renal","R_M10","R_M12","Posterior intermediate mesoderm","Renal pericytes and mesangial cells","Developmental progression",140,142,203,214,140,142,"128","130",10600,0,0.0642664255765199,0.254,0.338679245283019,0.0124217910906456,0.111453089192923,7956,0,0.114835511982571,0.324777777777778,0.428733031674208,0.0252380707962865,0.158864945146141,0.050569,0.050569,0.3685,78.69,78.69,"Renal"
"Renal","R_M8","R_M2","Nephron progenitors","Ascending loop of Henle","Developmental progression",151,145,166,26,151,145,"139","133",20280,0,0.0366297830374753,0.182677777777778,0.216124260355029,0.0067386234834519,0.0820891191538312,4087,0,0.0182113748198896,0.0522666666666668,0.11304135062393,0.0034045140589878,0.0583482138457365,0.018418,-0.018418,-0.2586,-50.28,50.28,"Renal"
"Renal","R_M1","R_M13","Anterior intermediate mesoderm","Ureteric bud","Developmental progression",139,143,21,256,139,143,"127","131",7846,0,0.0340170787662503,0.166444444444444,0.207494264593423,0.0063743102906263,0.0798392778688929,5851,0,0.0371302341480088,0.176777777777778,0.224064262519227,0.0067392507833447,0.0820929399116921,0.003113,0.003113,0.0384,9.15,9.15,"Renal"
"Renal","R_M13","R_M4","Ureteric bud","Collecting duct principal cells","Developmental progression",143,147,256,56,143,147,"131","135",5851,0,0.0371302341480088,0.176777777777778,0.224064262519227,0.0067392507833447,0.0820929399116921,1895,0,0.0303777777777777,0.152666666666667,0.189445910290237,0.0053806734509236,0.0733530739023498,0.006752,-0.006752,-0.0867,-18.19,18.19,"Renal"
"Renal","R_M8","R_M6","Nephron progenitors","Distal convoluted tubule","Developmental progression",151,149,166,77,151,149,"139","137",20280,0,0.0366297830374753,0.182677777777778,0.216124260355029,0.0067386234834519,0.0820891191538312,1287,0,0.011098938098938,0,0.0745920745920745,0.0020118414602888,0.0448535557151136,0.025531,-0.025531,-0.386,-69.7,69.7,"Renal"
"Renal","R_M1","R_M8","Anterior intermediate mesoderm","Nephron progenitors","Developmental progression",139,151,21,166,139,151,"127","139",7846,0,0.0340170787662503,0.166444444444444,0.207494264593423,0.0063743102906263,0.0798392778688929,20280,0,0.0366297830374753,0.182677777777778,0.216124260355029,0.0067386234834519,0.0820891191538312,0.002613,0.002613,0.0323,7.68,7.68,"Renal"
"Renal","R_M13","R_M14","Ureteric bud","Ureteric bud stalk","Developmental progression",143,144,256,257,143,144,"131","132",5851,0,0.0371302341480088,0.176777777777778,0.224064262519227,0.0067392507833447,0.0820929399116921,401,0,0.0611612635078969,0.237777777777778,0.371571072319202,0.0099931278179551,0.0999656331843854,0.024031,0.024031,0.2627,64.72,64.72,"Renal"
"Renal","R_M8","R_M5","Nephron progenitors","Connecting tubule","Developmental progression",151,148,166,60,151,148,"139","136",20280,0,0.0366297830374753,0.182677777777778,0.216124260355029,0.0067386234834519,0.0820891191538312,563,0,0.0158192224195776,0.0338,0.120781527531083,0.0027435961879888,0.0523793488694619,0.020811,-0.020811,-0.3022,-56.81,56.81,"Renal"
"Renal","R_M4","R_M3","Collecting duct principal cells","Collecting duct intercalated cells","Developmental progression",147,146,56,55,147,146,"135","134",1895,0,0.0303777777777777,0.152666666666667,0.189445910290237,0.0053806734509236,0.0733530739023498,434,0,0.0550468509984639,0.2496,0.278801843317972,0.0102987329237991,0.101482673022537,0.024669,0.024669,0.2786,81.21,81.21,"Renal"
"Renal","R_M5","R_M3","Connecting tubule","Collecting duct intercalated cells","Developmental progression",148,146,60,55,148,146,"136","134",563,0,0.0158192224195776,0.0338,0.120781527531083,0.0027435961879888,0.0523793488694619,434,0,0.0550468509984639,0.2496,0.278801843317972,0.0102987329237991,0.101482673022537,0.039228,0.039228,0.4858,247.97,247.97,"Renal"
"Gut","G_M8","G_M14","Gut","Midgut/Hindgut epithelial cells","Developmental progression",123,114,108,150,123,114,"31","104",21287,0.175444444444444,0.163179081651295,0.326888888888889,0.657349556067083,0.0210724788645575,0.145163627898167,47855,0,0.0158948908160066,0.0159555555555553,0.104649461916205,0.0029861300961631,0.054645494747171,0.147284,-0.147284,-1.3429,-90.26,90.26,"Gut"
"Gut","G_M13","G_M4","Lung progenitor cells","Alveolar Type 2 cells","Developmental progression",113,119,135,15,113,119,"103","109",28988,0,0.100682995262407,0.295444444444444,0.482613495239409,0.0156743602670593,0.125197285382149,21443,0,0.0222638260608227,0.0858666666666665,0.11299724851933,0.0046082024276025,0.0678837419976425,0.078419,-0.078419,-0.7787,-77.89,77.89,"Gut"
"Gut","G_M13","G_M3","Lung progenitor cells","Alveolar Type 1 cells","Developmental progression",113,118,135,14,113,118,"103","108",28988,0,0.100682995262407,0.295444444444444,0.482613495239409,0.0156743602670593,0.125197285382149,14321,0,0.0414359875551831,0.212666666666667,0.216604985685357,0.0077575963247792,0.0880772179668454,0.059247,-0.059247,-0.5474,-58.85,58.85,"Gut"
"Gut","G_M8","G_M9","Gut","Hepatocytes","Developmental progression",123,124,108,114,123,124,"31","112",21287,0.175444444444444,0.163179081651295,0.326888888888889,0.657349556067083,0.0210724788645575,0.145163627898167,289569,0,0.0275054040084861,0.138333333333333,0.174842610914842,0.0048798231867276,0.0698557312375126,0.135674,-0.135674,-1.191,-83.14,83.14,"Gut"
"Gut","G_M13","G_M1","Lung progenitor cells","Airway club cells","Developmental progression",113,109,135,10,113,109,"103","99",28988,0,0.100682995262407,0.295444444444444,0.482613495239409,0.0156743602670593,0.125197285382149,6264,0,0.0303532531573719,0.166755555555555,0.16235632183908,0.0059353729539749,0.0770413717036171,0.07033,-0.07033,-0.6766,-69.85,69.85,"Gut"
"Gut","G_M8","G_M13","Gut","Lung progenitor cells","Developmental progression",123,113,108,135,123,113,"31","103",21287,0.175444444444444,0.163179081651295,0.326888888888889,0.657349556067083,0.0210724788645575,0.145163627898167,28988,0,0.100682995262407,0.295444444444444,0.482613495239409,0.0156743602670593,0.125197285382149,0.062496,-0.062496,-0.4611,-38.3,38.3,"Gut"
"Gut","G_M8","G_M7","Gut","Foregut epithelial cells","Developmental progression",123,122,108,97,123,122,"31","111",21287,0.175444444444444,0.163179081651295,0.326888888888889,0.657349556067083,0.0210724788645575,0.145163627898167,6962,0,0.0292375594497111,0.148766666666667,0.17394426888825,0.0055058292468059,0.0742012752370597,0.133942,-0.133942,-1.1619,-82.08,82.08,"Gut"
"Gut","G_M14","G_M11","Midgut/Hindgut epithelial cells","Intestinal goblet cells","Developmental progression",114,111,150,125,114,111,"104","101",47855,0,0.0158948908160066,0.0159555555555553,0.104649461916205,0.0029861300961631,0.054645494747171,1745,0,0.0139682903533906,0,0.0893982808022922,0.0025835272530677,0.0508284099010356,0.001927,-0.001927,-0.0365,-12.12,12.12,"Gut"
"Gut","G_M9","G_M5","Hepatocytes","Biliary epithelial cells","Developmental progression",124,120,114,32,124,120,"112","110",289569,0,0.0275054040084861,0.138333333333333,0.174842610914842,0.0048798231867276,0.0698557312375126,1742,0,0.0346118127312157,0.176933333333333,0.203214695752009,0.0063679538326244,0.0797994601023365,0.007106,0.007106,0.0948,25.84,25.84,"Gut"
"Gut","G_M3","G_M12","Alveolar Type 1 cells","Lung cells (Eln+)","Developmental progression",118,112,14,133,118,112,"108","102",14321,0,0.0414359875551831,0.212666666666667,0.216604985685357,0.0077575963247792,0.0880772179668454,5308,0,0.0697115465126015,0.264588888888889,0.328560663149962,0.0144358632786384,0.120149337404076,0.028276,0.028276,0.2684,68.24,68.24,"Gut"
"Gut","G_M1","G_M2","Airway club cells","Airway goblet cells","Developmental progression",109,117,10,11,109,117,"99","107",6264,0,0.0303532531573719,0.166755555555555,0.16235632183908,0.0059353729539749,0.0770413717036171,408,0,0.0203981481481481,0.0896,0.142156862745098,0.0035048866796089,0.0592020834059824,0.009955,-0.009955,-0.1449,-32.8,32.8,"Gut"
"Gut","G_M8","G_M15","Gut","Pancreatic acinar cells","Developmental progression",123,115,108,188,123,115,"31","105",21287,0.175444444444444,0.163179081651295,0.326888888888889,0.657349556067083,0.0210724788645575,0.145163627898167,3747,0,0.0433914242505115,0.1988,0.257005604483587,0.0079716915122601,0.0892843296007765,0.119788,-0.119788,-0.994,-73.41,73.41,"Gut"
"Gut","G_M8","G_M5","Gut","Biliary epithelial cells","Developmental progression",123,120,108,32,123,120,"31","110",21287,0.175444444444444,0.163179081651295,0.326888888888889,0.657349556067083,0.0210724788645575,0.145163627898167,1742,0,0.0346118127312157,0.176933333333333,0.203214695752009,0.0063679538326244,0.0797994601023365,0.128567,-0.128567,-1.0976,-78.79,78.79,"Gut"
"Gut","G_M13","G_M2","Lung progenitor cells","Airway goblet cells","Developmental progression",113,117,135,11,113,117,"103","107",28988,0,0.100682995262407,0.295444444444444,0.482613495239409,0.0156743602670593,0.125197285382149,408,0,0.0203981481481481,0.0896,0.142156862745098,0.0035048866796089,0.0592020834059824,0.080285,-0.080285,-0.8198,-79.74,79.74,"Gut"
"Gut","G_M8","G_M16","Gut","Pancreatic islets","Developmental progression",123,116,108,189,123,116,"31","106",21287,0.175444444444444,0.163179081651295,0.326888888888889,0.657349556067083,0.0210724788645575,0.145163627898167,1323,0,0.0317077349458301,0.152311111111111,0.195011337868481,0.0056576216755243,0.0752171634371059,0.131471,-0.131471,-1.1372,-80.57,80.57,"Gut"
"Gut","G_M14","G_M10","Midgut/Hindgut epithelial cells","Intestinal enteroendocrine cells","Developmental progression",114,110,150,124,114,110,"104","100",47855,0,0.0158948908160066,0.0159555555555553,0.104649461916205,0.0029861300961631,0.054645494747171,536,0,0.016891583747927,0.0176666666666667,0.110074626865672,0.0037148449217653,0.0609495276582624,0.000997,0.000997,0.0172,6.27,6.27,"Gut"
"PNS_glia","PG_M4","PG_M2","Neural crest (PNS glia)","Myelinating Schwann cells","Developmental progression",128,126,168,157,128,126,"116","114",70165,0,0.0587415092995083,0.239333333333333,0.307261455141452,0.0124671411530882,0.111656352945492,35271,0,0.0264183669933436,0.126444444444444,0.160925406141022,0.0051226839475292,0.0715729274763104,0.032323,-0.032323,-0.3447,-55.03,55.03,"PNS_glia"
"PNS_glia","PG_M4","PG_M6","Neural crest (PNS glia)","Satellite glial cells","Developmental progression",128,130,168,220,128,130,"116","118",70165,0,0.0587415092995083,0.239333333333333,0.307261455141452,0.0124671411530882,0.111656352945492,6916,0,0.0676274018379281,0.254333333333333,0.346153846153846,0.011142039535329,0.105555859786792,0.008886,0.008886,0.0818,15.13,15.13,"PNS_glia"
"PNS_glia","PG_M4","PG_M3","Neural crest (PNS glia)","Myelinating Schwann cells (Tgfb2+)","Developmental progression",128,127,168,158,128,127,"116","115",70165,0,0.0587415092995083,0.239333333333333,0.307261455141452,0.0124671411530882,0.111656352945492,7151,0,0.046237185164468,0.207777777777778,0.237589148370857,0.0104145975124167,0.102051935368305,0.012504,-0.012504,-0.1169,-21.29,21.29,"PNS_glia"
"PNS_glia","PG_M2","PG_M5","Myelinating Schwann cells","Olfactory ensheathing cells","Developmental progression",126,129,157,176,126,129,"114","117",35271,0,0.0264183669933436,0.126444444444444,0.160925406141022,0.0051226839475292,0.0715729274763104,3947,0,0.0345636066773639,0.1776,0.189257664048644,0.0064654391610082,0.0804079545878901,0.008145,0.008145,0.107,30.83,30.83,"PNS_glia"
"PNS_glia","PG_M4","PG_M5","Neural crest (PNS glia)","Olfactory ensheathing cells","Developmental progression",128,129,168,176,128,129,"116","117",70165,0,0.0587415092995083,0.239333333333333,0.307261455141452,0.0124671411530882,0.111656352945492,3947,0,0.0345636066773639,0.1776,0.189257664048644,0.0064654391610082,0.0804079545878901,0.024178,-0.024178,-0.2485,-41.16,41.16,"PNS_glia"
"PNS_glia","PG_M4","PG_M1","Neural crest (PNS glia)","Melanocyte cells","Developmental progression",128,125,168,140,128,125,"116","113",70165,0,0.0587415092995083,0.239333333333333,0.307261455141452,0.0124671411530882,0.111656352945492,3293,0,0.0176525964166413,0.0277555555555555,0.108411782569086,0.0034352043644688,0.0586106164825861,0.041089,-0.041089,-0.4608,-69.95,69.95,"PNS_glia"
"PNS_neurons","PN_M4","PN_M5","Neural crest (PNS neurons)","Olfactory sensory neurons","Developmental progression",134,135,169,179,134,135,"122","123",51569,0,0.0325816694353412,0.156111111111111,0.213131920339739,0.0057865203139419,0.0760691811047148,40019,0,0.0168344453051467,0.0355777777777782,0.111097228816312,0.0030788303888996,0.0554872092369007,0.015747,-0.015747,-0.2365,-48.33,48.33,"PNS_neurons"
"PNS_neurons","PN_M4","PN_M2","Neural crest (PNS neurons)","Dorsal root ganglion neurons","Developmental progression",134,132,169,78,134,132,"122","120",51569,0,0.0325816694353412,0.156111111111111,0.213131920339739,0.0057865203139419,0.0760691811047148,13077,0,0.0130459925399131,0.0157111111111111,0.107287604190564,0.0020912521256372,0.0457302102076646,0.019536,-0.019536,-0.3113,-59.96,59.96,"PNS_neurons"
"PNS_neurons","PN_M4","PN_M3","Neural crest (PNS neurons)","Enteric neurons","Developmental progression",134,133,169,84,134,133,"122","121",51569,0,0.0325816694353412,0.156111111111111,0.213131920339739,0.0057865203139419,0.0760691811047148,4787,0,0.0291462293712137,0.144088888888889,0.190724879883017,0.0052043844928228,0.0721414200915313,0.003435,-0.003435,-0.0463,-10.54,10.54,"PNS_neurons"
"PNS_neurons","PN_M5","PN_M1","Olfactory sensory neurons","Corticofugal neurons","Developmental progression",135,131,179,64,135,131,"123","119",40019,0,0.0168344453051467,0.0355777777777782,0.111097228816312,0.0030788303888996,0.0554872092369007,2807,0,0.0113603689189724,0,0.0765942287139294,0.0020585466980467,0.0453712100130324,0.005474,-0.005474,-0.108,-32.52,32.52,"PNS_neurons"
"PNS_neurons","PN_M4","PN_M6","Neural crest (PNS neurons)","Otic sensory neurons","Developmental progression",134,136,169,185,134,136,"122","124",51569,0,0.0325816694353412,0.156111111111111,0.213131920339739,0.0057865203139419,0.0760691811047148,7844,0,0.0396210975126069,0.189455555555555,0.23419173890872,0.0074000023574317,0.0860232663727186,0.007039,0.007039,0.0867,21.61,21.61,"PNS_neurons"
"PNS_neurons","PN_M4","PN_M8","Neural crest (PNS neurons)","Sympathetic neurons","Developmental progression",134,138,169,246,134,138,"122","126",51569,0,0.0325816694353412,0.156111111111111,0.213131920339739,0.0057865203139419,0.0760691811047148,18369,0,0.0351394983093496,0.169666666666667,0.219609124067723,0.0061712723335335,0.0785574460731349,0.002558,0.002558,0.0331,7.85,7.85,"PNS_neurons"
"PNS_neurons","PN_M4","PN_M7","Neural crest (PNS neurons)","Parasympathetic neurons","Developmental progression",134,137,169,190,134,137,"122","125",51569,0,0.0325816694353412,0.156111111111111,0.213131920339739,0.0057865203139419,0.0760691811047148,8353,0,0.0271897787887252,0.134444444444444,0.185202921106189,0.0046336839979692,0.0680711686249707,0.005392,-0.005392,-0.0747,-16.55,16.55,"PNS_neurons"
"PNS_neurons","PN_M4","PN_M1","Neural crest (PNS neurons)","Corticofugal neurons","Developmental progression",134,131,169,64,134,131,"122","119",51569,0,0.0325816694353412,0.156111111111111,0.213131920339739,0.0057865203139419,0.0760691811047148,2807,0,0.0113603689189724,0,0.0765942287139294,0.0020585466980467,0.0453712100130324,0.021221,-0.021221,-0.3388,-65.13,65.13,"PNS_neurons"
"Lateral_plate_mesoderm","L_M24","L_M16","Somatic mesoderm","Limb mesenchyme progenitors","Developmental progression",169,160,224,131,169,160,"156.0","147.0",126741,0,0.0426248394582477,0.190111111111111,0.237255505321877,0.0095822527767002,0.0978889818963309,223422,0,0.0712391219804276,0.276555555555555,0.33660516869422,0.0154186499497025,0.124171856512265,0.028614,0.028614,0.2559,67.13,67.13,"Lateral_plate_mesoderm"
"Lateral_plate_mesoderm","L_M25","L_M9","Splanchnic mesoderm","Foregut mesenchyme","Developmental progression",170,180,241,98,170,180,"157.0","163.0",127703,0,0.150717741774099,0.443111111111111,0.498837145564317,0.03831283687003,0.195736651831051,17991,0.247444444444444,0.248403028674831,0.589555555555556,0.714913012061586,0.0500981849342862,0.223826238261483,0.097685,0.097685,0.4646,64.81,64.81,"Lateral_plate_mesoderm"
"Lateral_plate_mesoderm","L_M25","L_M14","Splanchnic mesoderm","Hepatic mesenchyme","Developmental progression",170,158,241,113,170,158,"157.0","145.0",127703,0,0.150717741774099,0.443111111111111,0.498837145564317,0.03831283687003,0.195736651831051,28242,0.0498888888888888,0.140350006688226,0.342655555555556,0.527051908505063,0.0287652454950338,0.169603200132055,0.010368,-0.010368,-0.0566,-6.88,6.88,"Lateral_plate_mesoderm"
"Lateral_plate_mesoderm","L_M25","L_M19","Splanchnic mesoderm","Mesothelial cells","Developmental progression",170,163,241,143,170,163,"157.0","150.0",127703,0,0.150717741774099,0.443111111111111,0.498837145564317,0.03831283687003,0.195736651831051,59211,0,0.104133533746545,0.329666666666667,0.352299403826992,0.0309942939413489,0.176051963753174,0.046584,-0.046584,-0.2502,-30.91,30.91,"Lateral_plate_mesoderm"
"Lateral_plate_mesoderm","L_M26","L_M27","Vascular smooth muscle cells","Vascular smooth muscle cells (Pparg+)","Developmental progression",171,172,258,259,171,172,"158.0","159.0",24161,0,0.0327537031671794,0.157777777777778,0.167915235296552,0.0077717916465971,0.0881577656624593,11440,0,0.0175213189588189,0,0.0916083916083916,0.004054879362074,0.0636779346561585,0.015232,-0.015232,-0.1981,-46.51,46.51,"Lateral_plate_mesoderm"
"Lateral_plate_mesoderm","L_M7","L_M16","Extraembryonic mesoderm","Limb mesenchyme progenitors","Developmental progression",178,160,88,131,178,160,"28.0","147.0",57543,0,0.0873044235518559,0.314444444444444,0.367794518881532,0.0186431688489618,0.136539989925889,223422,0,0.0712391219804276,0.276555555555555,0.33660516869422,0.0154186499497025,0.124171856512265,0.016065,-0.016065,-0.1231,-18.4,18.4,"Lateral_plate_mesoderm"
"Lateral_plate_mesoderm","L_M25","L_M21","Splanchnic mesoderm","Renal stromal cells","Developmental progression",170,166,241,215,170,166,"157.0","153.0",127703,0,0.150717741774099,0.443111111111111,0.498837145564317,0.03831283687003,0.195736651831051,22908,0,0.12250925440894,0.324111111111111,0.458791688493103,0.0269014698046815,0.164016675386015,0.028208,-0.028208,-0.1562,-18.72,18.72,"Lateral_plate_mesoderm"
"Lateral_plate_mesoderm","L_M13","L_M10","Gut mesenchyme","Gastrointestinal smooth muscle cells","Developmental progression",157,154,109,101,157,154,"32.0","142.0",61542,0.311444444444444,0.303656467669776,0.612888888888889,0.819960352279744,0.0456408817561297,0.213637266777427,12120,0.0407222222222222,0.175433626696003,0.552566666666667,0.513778877887789,0.0487103379624439,0.220704186553957,0.128223,-0.128223,-0.5903,-42.23,42.23,"Lateral_plate_mesoderm"
"Lateral_plate_mesoderm","L_M25","L_M8","Splanchnic mesoderm","First heart field","Developmental progression",170,179,241,93,170,179,"157.0","162.0",127703,0,0.150717741774099,0.443111111111111,0.498837145564317,0.03831283687003,0.195736651831051,28647,0,0.0400722239676056,0.187155555555556,0.239361887806751,0.0076418702531702,0.0874177913995211,0.110646,-0.110646,-0.7299,-73.41,73.41,"Lateral_plate_mesoderm"
"Lateral_plate_mesoderm","L_M25","L_M17","Splanchnic mesoderm","Lung mesenchyme","Developmental progression",170,161,241,134,170,161,"157.0","148.0",127703,0,0.150717741774099,0.443111111111111,0.498837145564317,0.03831283687003,0.195736651831051,74124,0.278666666666667,0.275575162340582,0.621111111111111,0.724421240084183,0.0543060730937038,0.233036634660097,0.124857,0.124857,0.5802,82.84,82.84,"Lateral_plate_mesoderm"
"Lateral_plate_mesoderm","L_M25","L_M11","Splanchnic mesoderm","Gonad progenitor cells","Developmental progression",170,155,241,104,170,155,"157.0","143.0",127703,0,0.150717741774099,0.443111111111111,0.498837145564317,0.03831283687003,0.195736651831051,4598,0,0.0340977961432506,0.159366666666667,0.198999565028273,0.0072704864712388,0.0852671476668406,0.11662,-0.11662,-0.7725,-77.38,77.38,"Lateral_plate_mesoderm"
"Lateral_plate_mesoderm","L_M24","L_M19","Somatic mesoderm","Mesothelial cells","Developmental progression",169,163,224,143,169,163,"156.0","150.0",126741,0,0.0426248394582477,0.190111111111111,0.237255505321877,0.0095822527767002,0.0978889818963309,59211,0,0.104133533746545,0.329666666666667,0.352299403826992,0.0309942939413489,0.176051963753174,0.061509,0.061509,0.4318,144.3,144.3,"Lateral_plate_mesoderm"
"Lateral_plate_mesoderm","L_M24","L_M20","Somatic mesoderm","Proepicardium","Developmental progression",169,165,224,211,169,165,"156.0","152.0",126741,0,0.0426248394582477,0.190111111111111,0.237255505321877,0.0095822527767002,0.0978889818963309,9654,0,0.025752480261492,0.115666666666667,0.168738346799254,0.004920254573918,0.0701445263289873,0.016872,-0.016872,-0.1981,-39.58,39.58,"Lateral_plate_mesoderm"
"Lateral_plate_mesoderm","L_M25","L_M20","Splanchnic mesoderm","Proepicardium","Developmental progression",170,165,241,211,170,165,"157.0","152.0",127703,0,0.150717741774099,0.443111111111111,0.498837145564317,0.03831283687003,0.195736651831051,9654,0,0.025752480261492,0.115666666666667,0.168738346799254,0.004920254573918,0.0701445263289873,0.124965,-0.124965,-0.85,-82.91,82.91,"Lateral_plate_mesoderm"
"Lateral_plate_mesoderm","L_M8","L_M5","First heart field","Atrial cardiomyocytes","Developmental progression",179,176,93,28,179,176,"162.0","161.0",28647,0,0.0400722239676056,0.187155555555556,0.239361887806751,0.0076418702531702,0.0874177913995211,1286,0,0.0183703991705546,0.0583333333333333,0.124416796267496,0.0032619150107008,0.0571131772071979,0.021702,-0.021702,-0.2939,-54.16,54.16,"Lateral_plate_mesoderm"
"Lateral_plate_mesoderm","L_M24","L_M22","Somatic mesoderm","Second heart field","Developmental progression",169,167,224,222,169,167,"156.0","154.0",126741,0,0.0426248394582477,0.190111111111111,0.237255505321877,0.0095822527767002,0.0978889818963309,3537,0,0.081937392014576,0.288488888888889,0.360474978795589,0.0204394573766848,0.142966630290725,0.039313,0.039313,0.3209,92.23,92.23,"Lateral_plate_mesoderm"
"Lateral_plate_mesoderm","L_M11","L_M12","Gonad progenitor cells","Granulosa cells","Developmental progression",155,156,104,107,155,156,"143.0","144.0",4598,0,0.0340977961432506,0.159366666666667,0.198999565028273,0.0072704864712388,0.0852671476668406,108,0,0.0308148148148148,0.119666666666667,0.212962962962963,0.005134963655244,0.0716586607134406,0.003283,-0.003283,-0.0417,-9.63,9.63,"Lateral_plate_mesoderm"
"Lateral_plate_mesoderm","L_M25","L_M26","Splanchnic mesoderm","Vascular smooth muscle cells","Developmental progression",170,171,241,258,170,171,"157.0","158.0",127703,0,0.150717741774099,0.443111111111111,0.498837145564317,0.03831283687003,0.195736651831051,24161,0,0.0327537031671794,0.157777777777778,0.167915235296552,0.0077717916465971,0.0881577656624593,0.117964,-0.117964,-0.7771,-78.27,78.27,"Lateral_plate_mesoderm"
"Lateral_plate_mesoderm","L_M8","L_M28","First heart field","Ventricular cardiomyocytes","Developmental progression",179,173,93,261,179,173,"162.0","160.0",28647,0,0.0400722239676056,0.187155555555556,0.239361887806751,0.0076418702531702,0.0874177913995211,3735,0,0.0173494868362338,0.0234666666666665,0.105220883534137,0.0034856776305085,0.0590396276284708,0.022723,-0.022723,-0.3046,-56.7,56.7,"Lateral_plate_mesoderm"
"Lateral_plate_mesoderm","L_M26","L_M18","Vascular smooth muscle cells","Meninges","Developmental progression",171,162,258,141,171,162,"158.0","149.0",24161,0,0.0327537031671794,0.157777777777778,0.167915235296552,0.0077717916465971,0.0881577656624593,6376,0,0.0316048724383103,0.154833333333333,0.17142409033877,0.006711339820671,0.0819227674134059,0.001149,-0.001149,-0.0135,-3.51,3.51,"Lateral_plate_mesoderm"
"Lateral_plate_mesoderm","L_M11","L_M1","Gonad progenitor cells","Adrenocortical cells","Developmental progression",155,153,104,9,155,153,"143.0","141.0",4598,0,0.0340977961432506,0.159366666666667,0.198999565028273,0.0072704864712388,0.0852671476668406,3048,0,0.032671223388743,0.159922222222222,0.193897637795275,0.006280137807573,0.0792473205072133,0.001427,-0.001427,-0.0173,-4.18,4.18,"Lateral_plate_mesoderm"
"Lateral_plate_mesoderm","L_M26","L_M2","Vascular smooth muscle cells","Airway smooth muscle cells","Developmental progression",171,164,258,12,171,164,"158.0","151.0",24161,0,0.0327537031671794,0.157777777777778,0.167915235296552,0.0077717916465971,0.0881577656624593,6938,0,0.061525063258704,0.249222222222222,0.303401556644566,0.0123182748394883,0.11098772382335,0.028771,0.028771,0.2871,87.84,87.84,"Lateral_plate_mesoderm"
"Lateral_plate_mesoderm","L_M11","L_M23","Gonad progenitor cells","Sertoli cells","Developmental progression",155,168,104,223,155,168,"143.0","155.0",4598,0,0.0340977961432506,0.159366666666667,0.198999565028273,0.0072704864712388,0.0852671476668406,1719,0,0.0642867946480511,0.263688888888889,0.325770796974985,0.0122709321952695,0.110774239763898,0.030189,0.030189,0.3054,88.54,88.54,"Lateral_plate_mesoderm"
"Lateral_plate_mesoderm","L_M11","L_M15","Gonad progenitor cells","Leydig cells","Developmental progression",155,159,104,130,155,159,"143.0","146.0",4598,0,0.0340977961432506,0.159366666666667,0.198999565028273,0.0072704864712388,0.0852671476668406,294,0,0.0664512471655328,0.265666666666667,0.32312925170068,0.0144270792102961,0.120112777048473,0.032353,0.032353,0.3106,94.88,94.88,"Lateral_plate_mesoderm"
"Endothelium","En_M5","En_M12","Endothelium","Venous and capillary endothelial cells","Developmental progression",60,56,83,260,60,56,"27","50",90215,0,0.0285445559065688,0.140955555555556,0.191520257163443,0.0049264824625313,0.0701889055515991,59523,0,0.0190406602863132,0.0595333333333336,0.116442383616417,0.0035983151699151,0.0599859581061693,0.009504,-0.009504,-0.1456,-33.29,33.29,"Endothelium"
"Endothelium","En_M5","En_M2","Endothelium","Brain capillary endothelial cells","Developmental progression",60,57,83,38,60,57,"27","51",90215,0,0.0285445559065688,0.140955555555556,0.191520257163443,0.0049264824625313,0.0701889055515991,15179,0,0.0187198468644545,0.0690444444444445,0.130575136702023,0.0032837361644394,0.0573038931002021,0.009825,-0.009825,-0.1533,-34.42,34.42,"Endothelium"
"Endothelium","En_M5","En_M11","Endothelium","Pericytes","Developmental progression",60,55,83,195,60,55,"27","49",90215,0,0.0285445559065688,0.140955555555556,0.191520257163443,0.0049264824625313,0.0701889055515991,14055,0,0.0609145183604095,0.249555555555556,0.283955887584489,0.0148868160711535,0.122011540729365,0.03237,0.03237,0.3252,113.4,113.4,"Endothelium"
"Endothelium","En_M5","En_M8","Endothelium","Liver sinusoidal endothelial cells","Developmental progression",60,63,83,132,60,63,"27","55",90215,0,0.0285445559065688,0.140955555555556,0.191520257163443,0.0049264824625313,0.0701889055515991,30802,0,0.018327244262638,0.0472111111111113,0.113661450555159,0.0035644572544721,0.0597030757538679,0.010217,-0.010217,-0.1568,-35.79,35.79,"Endothelium"
"Endothelium","En_M2","En_M3","Brain capillary endothelial cells","Brain pericytes","Developmental progression",57,58,38,39,57,58,"51","52",15179,0,0.0187198468644545,0.0690444444444445,0.130575136702023,0.0032837361644394,0.0573038931002021,3617,0,0.0159403434399287,0.0290444444444444,0.115012441249654,0.002878944257766,0.053655794260881,0.00278,-0.00278,-0.0501,-14.85,14.85,"Endothelium"
"Endothelium","En_M5","En_M4","Endothelium","Endocardial cells","Developmental progression",60,59,83,82,60,59,"27","53",90215,0,0.0285445559065688,0.140955555555556,0.191520257163443,0.0049264824625313,0.0701889055515991,14071,0,0.0284576868105401,0.138888888888889,0.183213701940161,0.0051241905930075,0.0715834519495078,8.7e-05,-8.7e-05,-0.0012,-0.3,0.3,"Endothelium"
"Endothelium","En_M5","En_M10","Endothelium","Microvascular endothelial cells","Developmental progression",60,54,83,146,60,54,"27","48",90215,0,0.0285445559065688,0.140955555555556,0.191520257163443,0.0049264824625313,0.0701889055515991,5624,0,0.0209879089615931,0.0809333333333331,0.1274893314367,0.0039849634007648,0.0631265665212737,0.007557,-0.007557,-0.1132,-26.47,26.47,"Endothelium"
"Endothelium","En_M5","En_M6","Endothelium","Glomerular endothelial cells","Developmental progression",60,61,83,102,60,61,"27","54",90215,0,0.0285445559065688,0.140955555555556,0.191520257163443,0.0049264824625313,0.0701889055515991,17038,0,0.0355606357031993,0.177955555555556,0.168975231834722,0.0089062392478991,0.0943728734748449,0.007016,0.007016,0.0844,24.58,24.58,"Endothelium"
"Endothelium","En_M5","En_M9","Endothelium","Lymphatic vessel endothelial cells","Developmental progression",60,64,83,136,60,64,"27","56",90215,0,0.0285445559065688,0.140955555555556,0.191520257163443,0.0049264824625313,0.0701889055515991,25269,0,0.0386245817228839,0.194555555555556,0.219438838102022,0.0069543606561586,0.083392809379218,0.01008,0.01008,0.1308,35.31,35.31,"Endothelium"
"Mesoderm","M_M18","M_M10","Sclerotome","Fibroblasts","Developmental progression",273,265,221,92,273,265,"253","245",476671,0.262735151130839,0.213199982788934,0.598816317903192,0.522754688244093,0.0571365608129446,0.2390325517852,648059,0,0.104950915147271,0.312196153033185,0.290280668889715,0.0344932039624236,0.18572346099086,0.108249,-0.108249,-0.5057,-50.77,50.77,"Mesoderm"
"Mesoderm","M_M18","M_M8","Sclerotome","Early chondrocytes","Developmental progression",273,280,221,80,273,280,"253","260",476671,0.262735151130839,0.213199982788934,0.598816317903192,0.522754688244093,0.0571365608129446,0.2390325517852,144311,0.263580638342845,0.217367385409744,0.58423166349609,0.551364760829043,0.0536685372874709,0.231664708765644,0.004167,0.004167,0.0177,1.95,1.95,"Mesoderm"
"Mesoderm","M_M18","M_M4","Sclerotome","Chondrocytes (Atp1a2+)","Developmental progression",273,276,221,49,273,276,"253","256",476671,0.262735151130839,0.213199982788934,0.598816317903192,0.522754688244093,0.0571365608129446,0.2390325517852,118412,0,0.14391799682279,0.330374128091313,0.416950984697497,0.0366965096582614,0.191563330672291,0.069282,-0.069282,-0.3199,-32.5,32.5,"Mesoderm"
"Mesoderm","M_M12","M_M14","Muscle progenitor cells","Myoblasts","Developmental progression",267,269,155,159,267,269,"247","249",27017,0,0.175475743225531,0.555485098287888,0.450975311840693,0.0501674073007274,0.22398081904647,185751,0,0.0770520506242563,0.297400126823082,0.231094314431685,0.0234619456179547,0.15317292717042,0.098424,-0.098424,-0.513,-56.09,56.09,"Mesoderm"
"Mesoderm","M_M10","M_M17","Fibroblasts","Pre-osteoblasts (Sp7+)","Developmental progression",265,272,92,206,265,272,"245","252",648059,0,0.104950915147271,0.312196153033185,0.290280668889715,0.0344932039624236,0.18572346099086,135893,0.247305009511731,0.227826060316771,0.593743394631156,0.555039626765176,0.0611979347812425,0.247382163425827,0.122875,0.122875,0.5618,117.08,117.08,"Mesoderm"
"Mesoderm","M_M2","M_M3","Adipocyte progenitor cells","Brown adipocyte cells","Developmental progression",274,275,7,41,274,275,"254","255",19823,0,0.0552055848561182,0.268230818008878,0.204005448216718,0.012513033236344,0.111861670094559,80279,0,0.0186811873426554,0,0.070205159506222,0.0046896209006268,0.0684808068047303,0.036524,-0.036524,-0.3938,-66.16,66.16,"Mesoderm"
"Mesoderm","M_M9","M_M8","Facial mesenchyme","Early chondrocytes","Developmental progression",281,280,91,80,281,280,"261","260",382752,0,0.166692163688615,0.333333333333333,0.450077334671014,0.0427483215718753,0.206756672375707,144311,0.263580638342845,0.217367385409744,0.58423166349609,0.551364760829043,0.0536685372874709,0.231664708765644,0.050675,0.050675,0.2308,30.4,30.4,"Mesoderm"
"Mesoderm","M_M7","M_M12","Dermomyotome","Muscle progenitor cells","Developmental progression",279,267,73,155,279,267,"259","247",131048,0,0.167724643445085,0.390234622701353,0.458801355228618,0.0424073978894966,0.205930565699938,27017,0,0.175475743225531,0.555485098287888,0.450975311840693,0.0501674073007274,0.22398081904647,0.007751,0.007751,0.036,4.62,4.62,"Mesoderm"
"Mesoderm","M_M14","M_M16","Myoblasts","Myotubes","Developmental progression",269,271,159,161,269,271,"249","251",185751,0,0.0770520506242563,0.297400126823082,0.231094314431685,0.0234619456179547,0.15317292717042,43267,0,0.0403787707280922,0.234411329528641,0.140684586405344,0.0117575602274807,0.108432284064667,0.036673,-0.036673,-0.2764,-47.6,47.6,"Mesoderm"
"Mesoderm","M_M7","M_M6","Dermomyotome","Dermatome","Developmental progression",279,278,73,72,279,278,"259","258",131048,0,0.167724643445085,0.390234622701353,0.458801355228618,0.0424073978894966,0.205930565699938,198888,0,0.171476347617675,0.578947368421053,0.414972245686014,0.0567766346831685,0.238278481368269,0.003752,0.003752,0.0168,2.24,2.24,"Mesoderm"
"Mesoderm","M_M2","M_M1","Adipocyte progenitor cells","Adipocyte cells (Cyp2e1+)","Developmental progression",274,264,7,6,274,264,"254","244",19823,0,0.0552055848561182,0.268230818008878,0.204005448216718,0.012513033236344,0.111861670094559,14376,0,0.0291599429378469,0.21718452758402,0.106844741235392,0.0073726899461031,0.0858643694794476,0.026046,-0.026046,-0.2612,-47.18,47.18,"Mesoderm"
"Mesoderm","M_M11","M_M7","Mesodermal progenitors (Tbx6+)","Dermomyotome","Developmental progression",266,279,142,73,266,279,"246","259",50325,0.281969985203974,0.203653567390066,0.33143098710632,0.590203676105315,0.0355080978233378,0.188435924980715,131048,0,0.167724643445085,0.390234622701353,0.458801355228618,0.0424073978894966,0.205930565699938,0.035929,-0.035929,-0.182,-17.64,17.64,"Mesoderm"
"Mesoderm","M_M7","M_M14","Dermomyotome","Myoblasts","Developmental progression",279,269,73,159,279,269,"259","249",131048,0,0.167724643445085,0.390234622701353,0.458801355228618,0.0424073978894966,0.205930565699938,185751,0,0.0770520506242563,0.297400126823082,0.231094314431685,0.0234619456179547,0.15317292717042,0.090673,-0.090673,-0.4996,-54.06,54.06,"Mesoderm"
"Mesoderm","M_M4","M_M5","Chondrocytes (Atp1a2+)","Chondrocytes (Otor+)","Developmental progression",276,277,49,50,276,277,"256","257",118412,0,0.14391799682279,0.330374128091313,0.416950984697497,0.0366965096582614,0.191563330672291,12063,0,0.0731810429543494,0.291693088142042,0.220426096327613,0.0230034749452061,0.151668965003412,0.070737,-0.070737,-0.4094,-49.15,49.15,"Mesoderm"
"Mesoderm","M_M9","M_M17","Facial mesenchyme","Pre-osteoblasts (Sp7+)","Developmental progression",281,272,91,206,281,272,"261","252",382752,0,0.166692163688615,0.333333333333333,0.450077334671014,0.0427483215718753,0.206756672375707,135893,0.247305009511731,0.227826060316771,0.593743394631156,0.555039626765176,0.0611979347812425,0.247382163425827,0.061134,0.061134,0.2682,36.67,36.67,"Mesoderm"
"Mesoderm","M_M13","M_M15","Muscle progenitor cells (Prdm1+)","Myofibroblasts","Developmental progression",268,270,156,160,268,270,"248","250",5017,0,0.11767405743322,0.291693088142042,0.409009368148296,0.0235815794541287,0.153562949483685,43951,0,0.0397253035113405,0.206087507926443,0.183044754385566,0.0076743671721927,0.0876034655261576,0.077949,-0.077949,-0.6235,-66.24,66.24,"Mesoderm"
"Mesoderm","M_M12","M_M13","Muscle progenitor cells","Muscle progenitor cells (Prdm1+)","Developmental progression",267,268,155,156,267,268,"247","248",27017,0,0.175475743225531,0.555485098287888,0.450975311840693,0.0501674073007274,0.22398081904647,5017,0,0.11767405743322,0.291693088142042,0.409009368148296,0.0235815794541287,0.153562949483685,0.057802,-0.057802,-0.301,-32.94,32.94,"Mesoderm"
"Mesoderm","M_M10","M_M2","Fibroblasts","Adipocyte progenitor cells","Developmental progression",265,274,92,7,265,274,"245","254",648059,0,0.104950915147271,0.312196153033185,0.290280668889715,0.0344932039624236,0.18572346099086,19823,0,0.0552055848561182,0.268230818008878,0.204005448216718,0.012513033236344,0.111861670094559,0.049745,-0.049745,-0.3245,-47.4,47.4,"Mesoderm"
"Mesoderm","M_M11","M_M9","Mesodermal progenitors (Tbx6+)","Facial mesenchyme","Developmental progression",266,281,142,91,266,281,"246","261",50325,0.281969985203974,0.203653567390066,0.33143098710632,0.590203676105315,0.0355080978233378,0.188435924980715,382752,0,0.166692163688615,0.333333333333333,0.450077334671014,0.0427483215718753,0.206756672375707,0.036961,-0.036961,-0.1869,-18.15,18.15,"Mesoderm"
"Epithelial_cells","Ep_M21","Ep_M14","Placodal area","Olfactory epithelial cells","Developmental progression",78,70,200,177,78,70,"69","61",60938,0,0.116338746850168,0.326888888888889,0.458416751452296,0.0242333806925765,0.155670744498048,33331,0,0.0292890835691831,0.135333333333333,0.176082325762803,0.0059706450510449,0.0772699492108342,0.08705,-0.08705,-0.7084,-74.82,74.82,"Epithelial_cells"
"Epithelial_cells","Ep_M22","Ep_M3","Pre-epidermal keratinocytes","Basal keratinocytes","Developmental progression",79,84,205,31,79,84,"70","74",114402,0,0.068327674924098,0.273,0.317712977045856,0.0155268432035102,0.124606754245146,19591,0.0991111111111111,0.166734129617341,0.444,0.540605380021438,0.0353217734021224,0.187940877411282,0.098406,0.098406,0.6172,144.02,144.02,"Epithelial_cells"
"Epithelial_cells","Ep_M21","Ep_M5","Placodal area","Branchial arch epithelium","Developmental progression",78,86,200,40,78,86,"69","76",60938,0,0.116338746850168,0.326888888888889,0.458416751452296,0.0242333806925765,0.155670744498048,41134,0,0.0656113704261951,0.283333333333333,0.287183351971605,0.0148550024462279,0.121881099626759,0.050727,-0.050727,-0.3629,-43.6,43.6,"Epithelial_cells"
"Epithelial_cells","Ep_M22","Ep_M10","Pre-epidermal keratinocytes","Granular keratinocytes","Developmental progression",79,66,205,105,79,66,"70","57",114402,0,0.068327674924098,0.273,0.317712977045856,0.0155268432035102,0.124606754245146,41185,0,0.0282803097136228,0.130333333333333,0.156998907369188,0.0061822177049651,0.0786270799722659,0.040047,-0.040047,-0.3844,-58.61,58.61,"Epithelial_cells"
"Epithelial_cells","Ep_M21","Ep_M15","Placodal area","Olfactory pit cells","Developmental progression",78,71,200,178,78,71,"69","62",60938,0,0.116338746850168,0.326888888888889,0.458416751452296,0.0242333806925765,0.155670744498048,2081,0,0.0616816701372203,0.238222222222222,0.352715040845747,0.0122007199018056,0.110456868966152,0.054657,-0.054657,-0.405,-46.98,46.98,"Epithelial_cells"
"Epithelial_cells","Ep_M22","Ep_M2","Pre-epidermal keratinocytes","Apical ectodermal ridge","Developmental progression",79,76,205,24,79,76,"70","67",114402,0,0.068327674924098,0.273,0.317712977045856,0.0155268432035102,0.124606754245146,6330,0,0.0486001404247849,0.230122222222222,0.258135860979463,0.0094687641267024,0.0973075748680563,0.019728,-0.019728,-0.1765,-28.87,28.87,"Epithelial_cells"
"Epithelial_cells","Ep_M20","Ep_M19","Pituitary/Pineal gland progenitors","Pituitary gland cells","Developmental progression",77,75,199,198,77,75,"68","66",2797,0.0296666666666666,0.122428554403527,0.318533333333333,0.520557740436182,0.0230389318550125,0.15178580913581,4964,0,0.0420872504252842,0.202011111111111,0.237510072522159,0.0081059070332325,0.0900328108704404,0.080341,-0.080341,-0.6438,-65.62,65.62,"Epithelial_cells"
"Epithelial_cells","Ep_M5","Ep_M9","Branchial arch epithelium","Dental epithelial cells","Developmental progression",86,90,40,71,86,90,"76","80",41134,0,0.0656113704261951,0.283333333333333,0.287183351971605,0.0148550024462279,0.121881099626759,9903,0.142888888888889,0.157606168725526,0.330111111111111,0.58709481975159,0.0258799175377415,0.160872364120571,0.091995,0.091995,0.6446,140.21,140.21,"Epithelial_cells"
"Epithelial_cells","Ep_M5","Ep_M26","Branchial arch epithelium","Tooth junctional epithelium","Developmental progression",86,83,40,253,86,83,"76","73",41134,0,0.0656113704261951,0.283333333333333,0.287183351971605,0.0148550024462279,0.121881099626759,2918,0,0.0069894524407889,0,0.0448937628512679,0.0013783792442977,0.0371265301946963,0.058622,-0.058622,-0.6507,-89.35,89.35,"Epithelial_cells"
"Epithelial_cells","Ep_M21","Ep_M20","Placodal area","Pituitary/Pineal gland progenitors","Developmental progression",78,77,200,199,78,77,"69","68",60938,0,0.116338746850168,0.326888888888889,0.458416751452296,0.0242333806925765,0.155670744498048,2797,0.0296666666666666,0.122428554403527,0.318533333333333,0.520557740436182,0.0230389318550125,0.15178580913581,0.00609,0.00609,0.0396,5.23,5.23,"Epithelial_cells"
"Epithelial_cells","Ep_M14","Ep_M13","Olfactory epithelial cells","Olfactory bulb cells","Developmental progression",70,69,177,175,70,69,"61","60",33331,0,0.0292890835691831,0.135333333333333,0.176082325762803,0.0059706450510449,0.0772699492108342,5888,0,0.0143109148550724,0,0.0957880434782608,0.0026895898103618,0.051861255387445,0.014978,-0.014978,-0.2276,-51.14,51.14,"Epithelial_cells"
"Epithelial_cells","Ep_M21","Ep_M16","Placodal area","Otic epithelial cells","Developmental progression",78,72,200,184,78,72,"69","63",60938,0,0.116338746850168,0.326888888888889,0.458416751452296,0.0242333806925765,0.155670744498048,29337,0,0.0504007605109967,0.221,0.279851382213587,0.0097001667791756,0.0984894247073034,0.065938,-0.065938,-0.5062,-56.68,56.68,"Epithelial_cells"
"Epithelial_cells","Ep_M10","Ep_M7","Granular keratinocytes","Conjunctival goblet cells","Developmental progression",66,88,105,59,66,88,"57","78",41185,0,0.0282803097136228,0.130333333333333,0.156998907369188,0.0061822177049651,0.0786270799722659,1244,0,0.0138035012504465,0,0.0787781350482315,0.0029868013996877,0.0546516367521385,0.014477,-0.014477,-0.2138,-51.19,51.19,"Epithelial_cells"
"Epithelial_cells","Ep_M10","Ep_M4","Granular keratinocytes","Bladder urothelial cells","Developmental progression",66,85,105,34,66,85,"57","75",41185,0,0.0282803097136228,0.130333333333333,0.156998907369188,0.0061822177049651,0.0786270799722659,1313,0,0.0172443936701362,0.0026222222222221,0.102056359482102,0.0041498083758631,0.0644190063247105,0.011036,-0.011036,-0.1535,-39.02,39.02,"Epithelial_cells"
"Epithelial_cells","Ep_M10","Ep_M8","Granular keratinocytes","Corneal epithelial cells","Developmental progression",66,89,105,62,66,89,"57","79",41185,0,0.0282803097136228,0.130333333333333,0.156998907369188,0.0061822177049651,0.0786270799722659,1078,0,0.011776540919398,0,0.072356215213358,0.0025417698896846,0.0504159685980999,0.016504,-0.016504,-0.2499,-58.36,58.36,"Epithelial_cells"
"Epithelial_cells","Ep_M21","Ep_M25","Placodal area","Thyroid gland cells","Developmental progression",78,82,200,252,78,82,"69","72",60938,0,0.116338746850168,0.326888888888889,0.458416751452296,0.0242333806925765,0.155670744498048,1578,0,0.038178143923391,0.200655555555556,0.198986058301648,0.0077977624154541,0.0883049399266773,0.078161,-0.078161,-0.6176,-67.18,67.18,"Epithelial_cells"
"Epithelial_cells","Ep_M21","Ep_M24","Placodal area","Thymic epithelial cells","Developmental progression",78,81,200,251,78,81,"69","71",60938,0,0.116338746850168,0.326888888888889,0.458416751452296,0.0242333806925765,0.155670744498048,1937,0,0.0362581311306143,0.184888888888889,0.196179659266908,0.0071018115988751,0.0842722469077163,0.080081,-0.080081,-0.6398,-68.83,68.83,"Epithelial_cells"
"Epithelial_cells","Ep_M21","Ep_M17","Placodal area","Parathyroid epithelial cells","Developmental progression",78,73,200,191,78,73,"69","64",60938,0,0.116338746850168,0.326888888888889,0.458416751452296,0.0242333806925765,0.155670744498048,433,0,0.0772016936104696,0.289422222222222,0.348729792147806,0.014892002892644,0.122032794332687,0.039137,-0.039137,-0.2798,-33.64,33.64,"Epithelial_cells"
"Epithelial_cells","Ep_M24","Ep_M5","Thymic epithelial cells","Branchial arch epithelium","Developmental progression",81,86,251,40,81,86,"71","76",1937,0,0.0362581311306143,0.184888888888889,0.196179659266908,0.0071018115988751,0.0842722469077163,41134,0,0.0656113704261951,0.283333333333333,0.287183351971605,0.0148550024462279,0.121881099626759,0.029353,0.029353,0.2801,80.96,80.96,"Epithelial_cells"
"Epithelial_cells","Ep_M16","Ep_M6","Otic epithelial cells","Cochlear hair cells","Developmental progression",72,87,184,54,72,87,"63","77",29337,0,0.0504007605109967,0.221,0.279851382213587,0.0097001667791756,0.0984894247073034,574,0,0.0121587301587301,0,0.0905923344947735,0.0020306817178684,0.0450630859780863,0.038242,-0.038242,-0.4993,-75.88,75.88,"Epithelial_cells"
"Epithelial_cells","Ep_M21","Ep_M12","Placodal area","Nonsensory cochlear epithelium","Developmental progression",78,68,200,173,78,68,"69","59",60938,0,0.116338746850168,0.326888888888889,0.458416751452296,0.0242333806925765,0.155670744498048,51,0,0.0216993464052287,0.13,0.117647058823529,0.0038339863180827,0.0619191918397091,0.094639,-0.094639,-0.7989,-81.35,81.35,"Epithelial_cells"
"Epithelial_cells","Ep_M5","Ep_M17","Branchial arch epithelium","Parathyroid epithelial cells","Developmental progression",86,73,40,191,86,73,"76","64",41134,0,0.0656113704261951,0.283333333333333,0.287183351971605,0.0148550024462279,0.121881099626759,433,0,0.0772016936104696,0.289422222222222,0.348729792147806,0.014892002892644,0.122032794332687,0.01159,0.01159,0.095,17.67,17.67,"Epithelial_cells"
"Epithelial_cells","Ep_M15","Ep_M11","Olfactory pit cells","Lens epithelial cells","Developmental progression",71,67,178,129,71,67,"62","58",2081,0,0.0616816701372203,0.238222222222222,0.352715040845747,0.0122007199018056,0.110456868966152,1605,0,0.0369815853236413,0.187244444444445,0.218068535825545,0.0066989684270439,0.0818472261414148,0.0247,-0.0247,-0.2541,-40.04,40.04,"Epithelial_cells"
"Epithelial_cells","Ep_M20","Ep_M18","Pituitary/Pineal gland progenitors","Pineal gland","Developmental progression",77,74,199,197,77,74,"68","65",2797,0.0296666666666666,0.122428554403527,0.318533333333333,0.520557740436182,0.0230389318550125,0.15178580913581,540,0,0.0127701646090534,0,0.0759259259259259,0.0025546368552833,0.0505434155482521,0.109658,-0.109658,-0.9694,-89.57,89.57,"Epithelial_cells"
"Brain_spinal_cord","BS_M54","BS_M15","Telencephalon","Dorsal telencephalon","Developmental progression",257,214,249,79,257,214,"237","196",430409,0,0.109373441164647,0.322300596852957,0.302681867711874,0.0334671402664523,0.182940264202423,30144,0,0.0750209448616616,0.297703020437692,0.246881634819533,0.0184601839416799,0.135868259507804,0.034352,-0.034352,-0.2132,-31.41,31.41,"Brain_spinal_cord"
"Brain_spinal_cord","BS_M20","BS_M34","Hindbrain","Floorplate and p3 domain","Developmental progression",220,235,115,95,220,235,"34","215",197367,0.267679508048472,0.194404347706721,0.552360282148671,0.520436547143139,0.0454577152440473,0.213208150041332,44992,0.304756737203834,0.257831102209815,0.60083197684934,0.682254623044097,0.0452450328957174,0.212708798350509,0.063427,0.063427,0.2978,32.63,32.63,"Brain_spinal_cord"
"Brain_spinal_cord","BS_M25","BS_M23","Midbrain","Hypothalamus (Sim1+)","Developmental progression",225,223,147,120,225,223,"37","204",145124,0,0.111195562915097,0.321938867788027,0.304766957911855,0.0340947598805358,0.184647664162144,14611,0.298607343100018,0.241549726438526,0.575691806836679,0.662582985421942,0.0409451427936319,0.202349061756243,0.130354,0.130354,0.673,117.23,117.23,"Brain_spinal_cord"
"Brain_spinal_cord","BS_M40","BS_M35","Spinal cord/r7/r8","Posterior roof plate","Developmental progression",242,236,234,204,242,236,"222","216",395636,0.280159160788569,0.20034856098446,0.554530656538253,0.535926963168165,0.045215830352988,0.212640142854043,11623,0,0.187715459367514,0.553264604810997,0.495138948636325,0.047717405826588,0.218443140946535,0.012633,-0.012633,-0.0586,-6.31,6.31,"Brain_spinal_cord"
"Brain_spinal_cord","BS_M40","BS_M34","Spinal cord/r7/r8","Floorplate and p3 domain","Developmental progression",242,235,234,95,242,235,"222","215",395636,0.280159160788569,0.20034856098446,0.554530656538253,0.535926963168165,0.045215830352988,0.212640142854043,44992,0.304756737203834,0.257831102209815,0.60083197684934,0.682254623044097,0.0452450328957174,0.212708798350509,0.057483,0.057483,0.2703,28.69,28.69,"Brain_spinal_cord"
"Brain_spinal_cord","BS_M14","BS_M15","Diencephalon","Dorsal telencephalon","Developmental progression",213,214,76,79,213,214,"195","196",78021,0.267317778983541,0.198702006920801,0.573702296979562,0.526576178208431,0.0466816276230748,0.216059315057404,30144,0,0.0750209448616616,0.297703020437692,0.246881634819533,0.0184601839416799,0.135868259507804,0.123681,-0.123681,-0.6853,-62.24,62.24,"Brain_spinal_cord"
"Brain_spinal_cord","BS_M27","BS_M2","Midbrain-hindbrain boundary","Anterior roof plate","Developmental progression",227,219,149,23,227,219,"207","201",66071,0,0.169063178523438,0.330982094411286,0.483903679375217,0.0373769717221721,0.193331248695528,16098,0,0.0683586702095352,0.29028757460662,0.227171077152441,0.0171861235703433,0.131095856419428,0.100705,-0.100705,-0.6097,-59.57,59.57,"Brain_spinal_cord"
"Brain_spinal_cord","BS_M14","BS_M23","Diencephalon","Hypothalamus (Sim1+)","Developmental progression",213,223,76,120,213,223,"195","204",78021,0.267317778983541,0.198702006920801,0.573702296979562,0.526576178208431,0.0466816276230748,0.216059315057404,14611,0.298607343100018,0.241549726438526,0.575691806836679,0.662582985421942,0.0409451427936319,0.202349061756243,0.042848,0.042848,0.2047,21.56,21.56,"Brain_spinal_cord"
"Brain_spinal_cord","BS_M22","BS_M23","Hypothalamus","Hypothalamus (Sim1+)","Developmental progression",222,223,119,120,222,223,"203","204",53378,0.314885151021885,0.288575040460044,0.597938144329897,0.774869796545393,0.0375985566409522,0.193903472482966,14611,0.298607343100018,0.241549726438526,0.575691806836679,0.662582985421942,0.0409451427936319,0.202349061756243,0.047025,-0.047025,-0.2373,-16.3,16.3,"Brain_spinal_cord"
"Brain_spinal_cord","BS_M27","BS_M34","Midbrain-hindbrain boundary","Floorplate and p3 domain","Developmental progression",227,235,149,95,227,235,"207","215",66071,0,0.169063178523438,0.330982094411286,0.483903679375217,0.0373769717221721,0.193331248695528,44992,0.304756737203834,0.257831102209815,0.60083197684934,0.682254623044097,0.0452450328957174,0.212708798350509,0.088768,0.088768,0.4367,52.51,52.51,"Brain_spinal_cord"
"Brain_spinal_cord","BS_M44","BS_M18","Spinal dI4 interneurons","GABAergic neurons (after E13.0)","Developmental progression",246,217,238,100,246,217,"226","199",38632,0,0.0685788652515395,0.387618296529968,0.172732449782564,0.023075199587104,0.151905232257167,292004,0,0.0665618987890793,0.340299684542587,0.196254160901905,0.0197554239789605,0.140553989551917,0.002017,-0.002017,-0.0138,-2.94,2.94,"Brain_spinal_cord"
"Brain_spinal_cord","BS_M45","BS_M19","Spinal dI5 interneurons","Glutamatergic neurons (after E13.0)","Developmental progression",247,218,239,103,247,218,"227","200",39157,0,0.0908732471376854,0.408123028391167,0.227392292565825,0.0287575125211499,0.169580401347414,570526,0,0.0596380055049316,0.327287066246057,0.175783399880111,0.0180647625616808,0.134405217762112,0.031235,-0.031235,-0.2041,-34.37,34.37,"Brain_spinal_cord"
"Brain_spinal_cord","BS_M13","BS_M19","Di/mesencephalon glutamatergic neurons","Glutamatergic neurons (after E13.0)","Developmental progression",212,218,75,103,212,218,"194","200",30999,0,0.0629731950242009,0.376971608832808,0.160747120874867,0.0214042004808575,0.146301744626841,570526,0,0.0596380055049316,0.327287066246057,0.175783399880111,0.0180647625616808,0.134405217762112,0.003335,-0.003335,-0.0237,-5.3,5.3,"Brain_spinal_cord"
"Brain_spinal_cord","BS_M17","BS_M18","GABAergic cortical interneurons","GABAergic neurons (after E13.0)","Developmental progression",216,217,99,100,216,217,"198","199",603448,0,0.0686051464367104,0.38801261829653,0.175653908870358,0.0230832494412741,0.151931726249899,292004,0,0.0665618987890793,0.340299684542587,0.196254160901905,0.0197554239789605,0.140553989551917,0.002043,-0.002043,-0.014,-2.98,2.98,"Brain_spinal_cord"
"Brain_spinal_cord","BS_M41","BS_M19","Spinal dI1 interneurons","Glutamatergic neurons (after E13.0)","Developmental progression",243,218,235,103,243,218,"223","200",35714,0,0.0653231093356633,0.3801261829653,0.167525340202722,0.0216249625990527,0.147054284531437,570526,0,0.0596380055049316,0.327287066246057,0.175783399880111,0.0180647625616808,0.134405217762112,0.005685,-0.005685,-0.0404,-8.7,8.7,"Brain_spinal_cord"
"Brain_spinal_cord","BS_M12","BS_M18","Di/mesencephalon GABAergic neurons","GABAergic neurons (after E13.0)","Developmental progression",211,217,74,100,211,217,"193","199",15589,0,0.103872811917649,0.420347003154574,0.252806466097889,0.0328373783635145,0.181210867123124,292004,0,0.0665618987890793,0.340299684542587,0.196254160901905,0.0197554239789605,0.140553989551917,0.037311,-0.037311,-0.2301,-35.92,35.92,"Brain_spinal_cord"
"Brain_spinal_cord","BS_M11","BS_M53","Deep-layer neurons","Subplate neurons","Developmental progression",210,256,66,243,210,256,"192","236",236402,0,0.0369367331357213,0.22354100946372,0.10290945085067,0.0124167702699905,0.111430562549017,103397,0,0.0298443689629836,0,0.0905538845421047,0.0093228159353381,0.0965547302587403,0.007092,-0.007092,-0.068,-19.2,19.2,"Brain_spinal_cord"
"Brain_spinal_cord","BS_M21","BS_M19","Hypothalamic Sim1 neurons","Glutamatergic neurons (after E13.0)","Developmental progression",221,218,118,103,221,218,"202","200",19592,0,0.115590498858093,0.421529968454259,0.283789301755819,0.0353261547380582,0.187952533204685,570526,0,0.0596380055049316,0.327287066246057,0.175783399880111,0.0180647625616808,0.134405217762112,0.055952,-0.055952,-0.3425,-48.41,48.41,"Brain_spinal_cord"
"Brain_spinal_cord","BS_M54","BS_M24","Telencephalon","Intermediate neuronal progenitors","Developmental progression",257,224,249,123,257,224,"237","205",430409,0,0.109373441164647,0.322300596852957,0.302681867711874,0.0334671402664523,0.182940264202423,42068,0,0.0222655770287976,0,0.076946847960445,0.0062108385529683,0.0788088735674372,0.087108,-0.087108,-0.6184,-79.64,79.64,"Brain_spinal_cord"
"Brain_spinal_cord","BS_M54","BS_M17","Telencephalon","GABAergic cortical interneurons","Developmental progression",257,216,249,99,257,216,"237","198",430409,0,0.109373441164647,0.322300596852957,0.302681867711874,0.0334671402664523,0.182940264202423,603448,0,0.0686051464367104,0.38801261829653,0.175653908870358,0.0230832494412741,0.151931726249899,0.040768,-0.040768,-0.2424,-37.27,37.27,"Brain_spinal_cord"
"Brain_spinal_cord","BS_M48","BS_M18","Spinal V1 interneurons","GABAergic neurons (after E13.0)","Developmental progression",250,217,226,100,250,217,"230","199",31325,0,0.158891732397451,0.448343848580442,0.364054269752594,0.0494754269688759,0.222430723976873,292004,0,0.0665618987890793,0.340299684542587,0.196254160901905,0.0197554239789605,0.140553989551917,0.09233,-0.09233,-0.4963,-58.11,58.11,"Brain_spinal_cord"
"Brain_spinal_cord","BS_M31","BS_M40","NMPs and spinal cord progenitors","Spinal cord/r7/r8","Developmental progression",232,242,162,234,232,242,"212","222",53734,0.302586362814252,0.286019186450505,0.606619641888226,0.710332378010198,0.0509524869050377,0.225726575540049,395636,0.280159160788569,0.20034856098446,0.554530656538253,0.535926963168165,0.045215830352988,0.212640142854043,0.085671,-0.085671,-0.3907,-29.95,29.95,"Brain_spinal_cord"
"Brain_spinal_cord","BS_M56","BS_M53","Upper-layer neurons","Subplate neurons","Developmental progression",259,256,255,243,259,256,"239","236",238829,0,0.0186351884516241,0,0.0503707673691218,0.00678095879709,0.082346577324683,103397,0,0.0298443689629836,0,0.0905538845421047,0.0093228159353381,0.0965547302587403,0.011209,0.011209,0.1249,60.15,60.15,"Brain_spinal_cord"
"Brain_spinal_cord","BS_M54","BS_M3","Telencephalon","Astrocytes","Developmental progression",257,230,249,27,257,230,"237","210",430409,0,0.109373441164647,0.322300596852957,0.302681867711874,0.0334671402664523,0.182940264202423,109750,0.274552360282149,0.218771390114909,0.506800506420692,0.634050113895216,0.0371565125437079,0.192760246274246,0.109398,0.109398,0.5822,100.02,100.02,"Brain_spinal_cord"
"Brain_spinal_cord","BS_M42","BS_M19","Spinal dI2 interneurons","Glutamatergic neurons (after E13.0)","Developmental progression",244,218,236,103,244,218,"224","200",21843,0,0.0751345889529104,0.387618296529968,0.193700499015703,0.0240428619095095,0.155057608357376,570526,0,0.0596380055049316,0.327287066246057,0.175783399880111,0.0180647625616808,0.134405217762112,0.015497,-0.015497,-0.1068,-20.63,20.63,"Brain_spinal_cord"
"Brain_spinal_cord","BS_M26","BS_M19","Midbrain dopaminergic neurons","Glutamatergic neurons (after E13.0)","Developmental progression",226,218,148,103,226,218,"206","200",5495,0,0.0951567671212429,0.412854889589905,0.236214740673339,0.0298703446120702,0.17283039261678,570526,0,0.0596380055049316,0.327287066246057,0.175783399880111,0.0180647625616808,0.134405217762112,0.035519,-0.035519,-0.2294,-37.33,37.33,"Brain_spinal_cord"
"Brain_spinal_cord","BS_M48","BS_M46","Spinal V1 interneurons","Spinal dI6 interneurons","Developmental progression",250,248,226,240,250,248,"230","228",31325,0,0.158891732397451,0.448343848580442,0.364054269752594,0.0494754269688759,0.222430723976873,10964,0,0.0998397609267841,0.399842271293375,0.260488872674207,0.0290562360616484,0.170458898452525,0.059052,-0.059052,-0.298,-37.16,37.16,"Brain_spinal_cord"
"Brain_spinal_cord","BS_M40","BS_M29","Spinal cord/r7/r8","Neural progenitor cells (Neurod1+)","Developmental progression",242,229,234,170,242,229,"222","209",395636,0.280159160788569,0.20034856098446,0.554530656538253,0.535926963168165,0.045215830352988,0.212640142854043,23270,0,0.150347214044974,0.323928377645144,0.436914482165879,0.0349463641262894,0.186939466475887,0.050001,-0.050001,-0.2498,-24.96,24.96,"Brain_spinal_cord"
"Brain_spinal_cord","BS_M46","BS_M18","Spinal dI6 interneurons","GABAergic neurons (after E13.0)","Developmental progression",248,217,240,100,248,217,"228","199",10964,0,0.0998397609267841,0.399842271293375,0.260488872674207,0.0290562360616484,0.170458898452525,292004,0,0.0665618987890793,0.340299684542587,0.196254160901905,0.0197554239789605,0.140553989551917,0.033278,-0.033278,-0.213,-33.33,33.33,"Brain_spinal_cord"
"Brain_spinal_cord","BS_M50","BS_M18","Spinal V2b interneurons","GABAergic neurons (after E13.0)","Developmental progression",253,217,228,100,253,217,"233","199",8575,0,0.0985949269297624,0.416009463722397,0.243965014577259,0.030747606637728,0.175349954769678,292004,0,0.0665618987890793,0.340299684542587,0.196254160901905,0.0197554239789605,0.140553989551917,0.032033,-0.032033,-0.2016,-32.49,32.49,"Brain_spinal_cord"
"Brain_spinal_cord","BS_M24","BS_M11","Intermediate neuronal progenitors","Deep-layer neurons","Developmental progression",224,210,123,66,224,210,"205","192",42068,0,0.0222655770287976,0,0.076946847960445,0.0062108385529683,0.0788088735674372,236402,0,0.0369367331357213,0.22354100946372,0.10290945085067,0.0124167702699905,0.111430562549017,0.014671,0.014671,0.152,65.89,65.89,"Brain_spinal_cord"
"Brain_spinal_cord","BS_M40","BS_M48","Spinal cord/r7/r8","Spinal V1 interneurons","Developmental progression",242,250,234,226,242,250,"222","230",395636,0.280159160788569,0.20034856098446,0.554530656538253,0.535926963168165,0.045215830352988,0.212640142854043,31325,0,0.158891732397451,0.448343848580442,0.364054269752594,0.0494754269688759,0.222430723976873,0.041457,-0.041457,-0.1905,-20.69,20.69,"Brain_spinal_cord"
"Brain_spinal_cord","BS_M24","BS_M56","Intermediate neuronal progenitors","Upper-layer neurons","Developmental progression",224,259,123,255,224,259,"205","239",42068,0,0.0222655770287976,0,0.076946847960445,0.0062108385529683,0.0788088735674372,238829,0,0.0186351884516241,0,0.0503707673691218,0.00678095879709,0.082346577324683,0.00363,-0.00363,-0.045,-16.3,16.3,"Brain_spinal_cord"
"Brain_spinal_cord","BS_M43","BS_M19","Spinal dI3 interneurons","Glutamatergic neurons (after E13.0)","Developmental progression",245,218,237,103,245,218,"225","200",5430,0,0.0919675276388332,0.391955835962145,0.243462246777164,0.026976716736053,0.164245903255007,570526,0,0.0596380055049316,0.327287066246057,0.175783399880111,0.0180647625616808,0.134405217762112,0.03233,-0.03233,-0.2154,-35.15,35.15,"Brain_spinal_cord"
"Brain_spinal_cord","BS_M42","BS_M47","Spinal dI2 interneurons","Spinal V0 interneurons","Developmental progression",244,249,236,225,244,249,"224","229",21843,0,0.0751345889529104,0.387618296529968,0.193700499015703,0.0240428619095095,0.155057608357376,9397,0,0.113979929831958,0.415220820189274,0.290092582739172,0.0327167303218624,0.180877666730479,0.038845,0.038845,0.2306,51.7,51.7,"Brain_spinal_cord"
"Brain_spinal_cord","BS_M20","BS_M3","Hindbrain","Astrocytes","Developmental progression",220,230,115,27,220,230,"34","210",197367,0.267679508048472,0.194404347706721,0.552360282148671,0.520436547143139,0.0454577152440473,0.213208150041332,109750,0.274552360282149,0.218771390114909,0.506800506420692,0.634050113895216,0.0371565125437079,0.192760246274246,0.024367,0.024367,0.1199,12.53,12.53,"Brain_spinal_cord"
"Brain_spinal_cord","BS_M40","BS_M3","Spinal cord/r7/r8","Astrocytes","Developmental progression",242,230,234,27,242,230,"222","210",395636,0.280159160788569,0.20034856098446,0.554530656538253,0.535926963168165,0.045215830352988,0.212640142854043,109750,0.274552360282149,0.218771390114909,0.506800506420692,0.634050113895216,0.0371565125437079,0.192760246274246,0.018423,0.018423,0.0908,9.2,9.2,"Brain_spinal_cord"
"Brain_spinal_cord","BS_M49","BS_M19","Spinal V2a interneurons","Glutamatergic neurons (after E13.0)","Developmental progression",251,218,227,103,251,218,"231","200",11065,0,0.126678959004791,0.428627760252366,0.309263443289652,0.0377528422711689,0.194300906511444,570526,0,0.0596380055049316,0.327287066246057,0.175783399880111,0.0180647625616808,0.134405217762112,0.067041,-0.067041,-0.4013,-52.92,52.92,"Brain_spinal_cord"
"Brain_spinal_cord","BS_M47","BS_M19","Spinal V0 interneurons","Glutamatergic neurons (after E13.0)","Developmental progression",249,218,225,103,249,218,"229","200",9397,0,0.113979929831958,0.415220820189274,0.290092582739172,0.0327167303218624,0.180877666730479,570526,0,0.0596380055049316,0.327287066246057,0.175783399880111,0.0180647625616808,0.134405217762112,0.054342,-0.054342,-0.341,-47.68,47.68,"Brain_spinal_cord"
"Brain_spinal_cord","BS_M3","BS_M28","Astrocytes","Multiciliated ependymal cells","Developmental progression",230,228,27,154,230,228,"210","208",109750,0.274552360282149,0.218771390114909,0.506800506420692,0.634050113895216,0.0371565125437079,0.192760246274246,10452,0,0.132780523277847,0.317218303490685,0.442881745120551,0.0260973117280394,0.161546624006939,0.085991,-0.085991,-0.4835,-39.31,39.31,"Brain_spinal_cord"
"Brain_spinal_cord","BS_M40","BS_M45","Spinal cord/r7/r8","Spinal dI5 interneurons","Developmental progression",242,247,234,239,242,247,"222","227",395636,0.280159160788569,0.20034856098446,0.554530656538253,0.535926963168165,0.045215830352988,0.212640142854043,39157,0,0.0908732471376854,0.408123028391167,0.227392292565825,0.0287575125211499,0.169580401347414,0.109475,-0.109475,-0.5692,-54.64,54.64,"Brain_spinal_cord"
"Brain_spinal_cord","BS_M40","BS_M44","Spinal cord/r7/r8","Spinal dI4 interneurons","Developmental progression",242,246,234,238,242,246,"222","226",395636,0.280159160788569,0.20034856098446,0.554530656538253,0.535926963168165,0.045215830352988,0.212640142854043,38632,0,0.0685788652515395,0.387618296529968,0.172732449782564,0.023075199587104,0.151905232257167,0.13177,-0.13177,-0.7131,-65.77,65.77,"Brain_spinal_cord"
"Brain_spinal_cord","BS_M51","BS_M19","Spinal V3 interneurons","Glutamatergic neurons (after E13.0)","Developmental progression",254,218,229,103,254,218,"234","200",4440,0,0.192935423593941,0.457847003154574,0.47972972972973,0.0425531001964398,0.206284027972211,570526,0,0.0596380055049316,0.327287066246057,0.175783399880111,0.0180647625616808,0.134405217762112,0.133297,-0.133297,-0.7657,-69.09,69.09,"Brain_spinal_cord"
"Brain_spinal_cord","BS_M33","BS_M8","Oligodendrocyte progenitor cells","Committed oligodendrocyte precursors","Developmental progression",234,262,180,57,234,262,"214","242",29522,0,0.0846382603363418,0.280701754385965,0.313291782399566,0.0171257767584788,0.130865491090962,1865,0,0.0964004078907364,0.291553626333876,0.315281501340482,0.0234708811585121,0.1532020925396,0.011762,0.011762,0.0826,13.9,13.9,"Brain_spinal_cord"
"Brain_spinal_cord","BS_M3","BS_M33","Astrocytes","Oligodendrocyte progenitor cells","Developmental progression",230,234,27,180,230,234,"210","214",109750,0.274552360282149,0.218771390114909,0.506800506420692,0.634050113895216,0.0371565125437079,0.192760246274246,29522,0,0.0846382603363418,0.280701754385965,0.313291782399566,0.0171257767584788,0.130865491090962,0.134133,-0.134133,-0.8142,-61.31,61.31,"Brain_spinal_cord"
"Brain_spinal_cord","BS_M20","BS_M6","Hindbrain","Cerebellum-related cells","Developmental progression",220,260,115,47,220,260,"34","240",197367,0.267679508048472,0.194404347706721,0.552360282148671,0.520436547143139,0.0454577152440473,0.213208150041332,9252,0.256646771568095,0.221606887928188,0.570609513474408,0.583765672287073,0.0509024617685315,0.225615739186191,0.027203,0.027203,0.1239,13.99,13.99,"Brain_spinal_cord"
"Brain_spinal_cord","BS_M40","BS_M38","Spinal cord/r7/r8","Spinal cord motor neurons","Developmental progression",242,239,234,232,242,239,"222","219",395636,0.280159160788569,0.20034856098446,0.554530656538253,0.535926963168165,0.045215830352988,0.212640142854043,31680,0,0.129057282206927,0.419558359621451,0.330239898989899,0.037072849820357,0.192543111588956,0.071291,-0.071291,-0.3515,-35.58,35.58,"Brain_spinal_cord"
"Brain_spinal_cord","BS_M45","BS_M43","Spinal dI5 interneurons","Spinal dI3 interneurons","Developmental progression",247,245,239,237,247,245,"227","225",39157,0,0.0908732471376854,0.408123028391167,0.227392292565825,0.0287575125211499,0.169580401347414,5430,0,0.0919675276388332,0.391955835962145,0.243462246777164,0.026976716736053,0.164245903255007,0.001094,0.001094,0.0066,1.2,1.2,"Brain_spinal_cord"
"Brain_spinal_cord","BS_M20","BS_M41","Hindbrain","Spinal dI1 interneurons","Developmental progression",220,243,115,235,220,243,"34","223",197367,0.267679508048472,0.194404347706721,0.552360282148671,0.520436547143139,0.0454577152440473,0.213208150041332,35714,0,0.0653231093356633,0.3801261829653,0.167525340202722,0.0216249625990527,0.147054284531437,0.129081,-0.129081,-0.7048,-66.4,66.4,"Brain_spinal_cord"
"Brain_spinal_cord","BS_M42","BS_M5","Spinal dI2 interneurons","Cerebellar Purkinje cells","Developmental progression",244,252,236,46,244,252,"224","232",21843,0,0.0751345889529104,0.387618296529968,0.193700499015703,0.0240428619095095,0.155057608357376,26737,0,0.031021598872637,0.212334961114126,0.1260799640947,0.0069239282954644,0.0832101453878335,0.044113,-0.044113,-0.3545,-58.71,58.71,"Brain_spinal_cord"
"Brain_spinal_cord","BS_M25","BS_M13","Midbrain","Di/mesencephalon glutamatergic neurons","Developmental progression",225,212,147,75,225,212,"37","194",145124,0,0.111195562915097,0.321938867788027,0.304766957911855,0.0340947598805358,0.184647664162144,30999,0,0.0629731950242009,0.376971608832808,0.160747120874867,0.0214042004808575,0.146301744626841,0.048222,-0.048222,-0.2895,-43.37,43.37,"Brain_spinal_cord"
"Brain_spinal_cord","BS_M20","BS_M30","Hindbrain","Neural progenitor cells (Ror1+)","Developmental progression",220,231,115,171,220,231,"34","211",197367,0.267679508048472,0.194404347706721,0.552360282148671,0.520436547143139,0.0454577152440473,0.213208150041332,33240,0,0.0922267155414433,0.297522155905227,0.305776173285199,0.0221490556764373,0.148825588110504,0.102178,-0.102178,-0.5557,-52.56,52.56,"Brain_spinal_cord"
"Brain_spinal_cord","BS_M52","BS_M19","Striatal projection neurons","Glutamatergic neurons (after E13.0)","Developmental progression",255,218,242,103,255,218,"235","200",6235,0,0.0600005944867049,0.34384858044164,0.16663993584603,0.0189147024840694,0.137530732871127,570526,0,0.0596380055049316,0.327287066246057,0.175783399880111,0.0180647625616808,0.134405217762112,0.000363,-0.000363,-0.0027,-0.6,0.6,"Brain_spinal_cord"
"Brain_spinal_cord","BS_M15","BS_M7","Dorsal telencephalon","Choroid plexus","Developmental progression",214,261,79,51,214,261,"196","241",30144,0,0.0750209448616616,0.297703020437692,0.246881634819533,0.0184601839416799,0.135868259507804,9441,0,0.090335119315514,0.282510399710617,0.343078063764432,0.0174624798590944,0.132145676656841,0.015314,0.015314,0.1143,20.41,20.41,"Brain_spinal_cord"
"Brain_spinal_cord","BS_M40","BS_M42","Spinal cord/r7/r8","Spinal dI2 interneurons","Developmental progression",242,244,234,236,242,244,"222","224",395636,0.280159160788569,0.20034856098446,0.554530656538253,0.535926963168165,0.045215830352988,0.212640142854043,21843,0,0.0751345889529104,0.387618296529968,0.193700499015703,0.0240428619095095,0.155057608357376,0.125214,-0.125214,-0.6729,-62.5,62.5,"Brain_spinal_cord"
"Brain_spinal_cord","BS_M54","BS_M4","Telencephalon","Cajal-Retzius cells","Developmental progression",257,241,249,43,257,241,"237","221",430409,0,0.109373441164647,0.322300596852957,0.302681867711874,0.0334671402664523,0.182940264202423,81803,0,0.0355346151882381,0.227310544402243,0.14192633521998,0.008067572240341,0.0898196651092677,0.073839,-0.073839,-0.5124,-67.51,67.51,"Brain_spinal_cord"
"Brain_spinal_cord","BS_M25","BS_M12","Midbrain","Di/mesencephalon GABAergic neurons","Developmental progression",225,211,147,74,225,211,"37","193",145124,0,0.111195562915097,0.321938867788027,0.304766957911855,0.0340947598805358,0.184647664162144,15589,0,0.103872811917649,0.420347003154574,0.252806466097889,0.0328373783635145,0.181210867123124,0.007323,-0.007323,-0.04,-6.59,6.59,"Brain_spinal_cord"
"Brain_spinal_cord","BS_M14","BS_M55","Diencephalon","Thalamic neuronal precursors","Developmental progression",213,258,76,250,213,258,"195","238",78021,0.267317778983541,0.198702006920801,0.573702296979562,0.526576178208431,0.0466816276230748,0.216059315057404,81788,0,0.0449708244819441,0.236082474226805,0.188365041326356,0.0093420852227317,0.0966544630254169,0.153731,-0.153731,-0.9185,-77.37,77.37,"Brain_spinal_cord"
"Brain_spinal_cord","BS_M2","BS_M7","Anterior roof plate","Choroid plexus","Developmental progression",219,261,23,51,219,261,"201","241",16098,0,0.0683586702095352,0.29028757460662,0.227171077152441,0.0171861235703433,0.131095856419428,9441,0,0.090335119315514,0.282510399710617,0.343078063764432,0.0174624798590944,0.132145676656841,0.021976,0.021976,0.167,32.15,32.15,"Brain_spinal_cord"
"Brain_spinal_cord","BS_M24","BS_M9","Intermediate neuronal progenitors","Cortical Interneurons (Prox1+)","Developmental progression",224,263,123,63,224,263,"205","243",42068,0,0.0222655770287976,0,0.076946847960445,0.0062108385529683,0.0788088735674372,7555,0,0.03421632528649,0,0.0943745863666446,0.0117589416229698,0.108438653730899,0.011951,0.011951,0.1261,53.67,53.67,"Brain_spinal_cord"
"Brain_spinal_cord","BS_M34","BS_M10","Floorplate and p3 domain","Cranial motor neurons","Developmental progression",235,209,95,65,235,209,"215","191",44992,0.304756737203834,0.257831102209815,0.60083197684934,0.682254623044097,0.0452450328957174,0.212708798350509,23754,0,0.151365557824696,0.442429022082019,0.380567483371222,0.0426995447477804,0.206638681634829,0.106466,-0.106466,-0.5077,-41.29,41.29,"Brain_spinal_cord"
"Brain_spinal_cord","BS_M25","BS_M52","Midbrain","Striatal projection neurons","Developmental progression",225,255,147,242,225,255,"37","235",145124,0,0.111195562915097,0.321938867788027,0.304766957911855,0.0340947598805358,0.184647664162144,6235,0,0.0600005944867049,0.34384858044164,0.16663993584603,0.0189147024840694,0.137530732871127,0.051195,-0.051195,-0.3145,-46.04,46.04,"Brain_spinal_cord"
"Brain_spinal_cord","BS_M6","BS_M28","Cerebellum-related cells","Multiciliated ependymal cells","Developmental progression",260,228,47,154,260,228,"240","208",9252,0.256646771568095,0.221606887928188,0.570609513474408,0.583765672287073,0.0509024617685315,0.225615739186191,10452,0,0.132780523277847,0.317218303490685,0.442881745120551,0.0260973117280394,0.161546624006939,0.088826,-0.088826,-0.4527,-40.08,40.08,"Brain_spinal_cord"
"Brain_spinal_cord","BS_M34","BS_M28","Floorplate and p3 domain","Multiciliated ependymal cells","Developmental progression",235,228,95,154,235,228,"215","208",44992,0.304756737203834,0.257831102209815,0.60083197684934,0.682254623044097,0.0452450328957174,0.212708798350509,10452,0,0.132780523277847,0.317218303490685,0.442881745120551,0.0260973117280394,0.161546624006939,0.125051,-0.125051,-0.6621,-48.5,48.5,"Brain_spinal_cord"
"Brain_spinal_cord","BS_M23","BS_M21","Hypothalamus (Sim1+)","Hypothalamic Sim1 neurons","Developmental progression",223,221,120,118,223,221,"204","202",14611,0.298607343100018,0.241549726438526,0.575691806836679,0.662582985421942,0.0409451427936319,0.202349061756243,19592,0,0.115590498858093,0.421529968454259,0.283789301755819,0.0353261547380582,0.187952533204685,0.125959,-0.125959,-0.645,-52.15,52.15,"Brain_spinal_cord"
"Brain_spinal_cord","BS_M34","BS_M32","Floorplate and p3 domain","Neurons (Slc17a8+)","Developmental progression",235,233,95,172,235,233,"215","213",44992,0.304756737203834,0.257831102209815,0.60083197684934,0.682254623044097,0.0452450328957174,0.212708798350509,1957,0,0.141902440321808,0.431940063091483,0.349003576903424,0.0385981529675073,0.196464126413723,0.115929,-0.115929,-0.5662,-44.96,44.96,"Brain_spinal_cord"
"Brain_spinal_cord","BS_M40","BS_M49","Spinal cord/r7/r8","Spinal V2a interneurons","Developmental progression",242,251,234,227,242,251,"222","231",395636,0.280159160788569,0.20034856098446,0.554530656538253,0.535926963168165,0.045215830352988,0.212640142854043,11065,0,0.126678959004791,0.428627760252366,0.309263443289652,0.0377528422711689,0.194300906511444,0.07367,-0.07367,-0.3617,-36.77,36.77,"Brain_spinal_cord"
"Brain_spinal_cord","BS_M1","BS_M26","Anterior floor plate","Midbrain dopaminergic neurons","Developmental progression",208,226,20,148,208,226,"190","206",16274,0.267589075782239,0.17392096368855,0.326279616567191,0.5374831018803,0.0295990169648572,0.172043648429278,5495,0,0.0951567671212429,0.412854889589905,0.236214740673339,0.0298703446120702,0.17283039261678,0.078764,-0.078764,-0.4568,-45.29,45.29,"Brain_spinal_cord"
"Brain_spinal_cord","BS_M7","BS_M16","Choroid plexus","Ependymal cells","Developmental progression",261,215,51,85,261,215,"241","197",9441,0,0.090335119315514,0.282510399710617,0.343078063764432,0.0174624798590944,0.132145676656841,5895,0,0.0478373648942709,0.226731777898354,0.216115351993214,0.009125786593786,0.0955289830040391,0.042498,-0.042498,-0.3686,-47.04,47.04,"Brain_spinal_cord"
"Brain_spinal_cord","BS_M21","BS_M36","Hypothalamic Sim1 neurons","Precerebellar neurons","Developmental progression",221,237,118,207,221,237,"202","217",19592,0,0.115590498858093,0.421529968454259,0.283789301755819,0.0353261547380582,0.187952533204685,1286,0,0.0874845460209683,0.39313880126183,0.225505443234837,0.0266838220543128,0.163351835172773,0.028106,-0.028106,-0.1596,-24.32,24.32,"Brain_spinal_cord"
"Brain_spinal_cord","BS_M47","BS_M36","Spinal V0 interneurons","Precerebellar neurons","Developmental progression",249,237,225,207,249,237,"229","217",9397,0,0.113979929831958,0.415220820189274,0.290092582739172,0.0327167303218624,0.180877666730479,1286,0,0.0874845460209683,0.39313880126183,0.225505443234837,0.0266838220543128,0.163351835172773,0.026495,-0.026495,-0.1537,-23.25,23.25,"Brain_spinal_cord"
"Brain_spinal_cord","BS_M40","BS_M51","Spinal cord/r7/r8","Spinal V3 interneurons","Developmental progression",242,254,234,229,242,254,"222","234",395636,0.280159160788569,0.20034856098446,0.554530656538253,0.535926963168165,0.045215830352988,0.212640142854043,4440,0,0.192935423593941,0.457847003154574,0.47972972972973,0.0425531001964398,0.206284027972211,0.007413,-0.007413,-0.0354,-3.7,3.7,"Brain_spinal_cord"
"Brain_spinal_cord","BS_M40","BS_M50","Spinal cord/r7/r8","Spinal V2b interneurons","Developmental progression",242,253,234,228,242,253,"222","233",395636,0.280159160788569,0.20034856098446,0.554530656538253,0.535926963168165,0.045215830352988,0.212640142854043,8575,0,0.0985949269297624,0.416009463722397,0.243965014577259,0.030747606637728,0.175349954769678,0.101754,-0.101754,-0.5221,-50.79,50.79,"Brain_spinal_cord"
"Brain_spinal_cord","BS_M54","BS_M33","Telencephalon","Oligodendrocyte progenitor cells","Developmental progression",257,234,249,180,257,234,"237","214",430409,0,0.109373441164647,0.322300596852957,0.302681867711874,0.0334671402664523,0.182940264202423,29522,0,0.0846382603363418,0.280701754385965,0.313291782399566,0.0171257767584788,0.130865491090962,0.024735,-0.024735,-0.1555,-22.62,22.62,"Brain_spinal_cord"
"Brain_spinal_cord","BS_M20","BS_M33","Hindbrain","Oligodendrocyte progenitor cells","Developmental progression",220,234,115,180,220,234,"34","214",197367,0.267679508048472,0.194404347706721,0.552360282148671,0.520436547143139,0.0454577152440473,0.213208150041332,29522,0,0.0846382603363418,0.280701754385965,0.313291782399566,0.0171257767584788,0.130865491090962,0.109766,-0.109766,-0.6205,-56.46,56.46,"Brain_spinal_cord"
"Gastrulation_E8.5b","Ga_M12","L_M8","Cardiogenic mesoderm","First heart field","Dataset equivalence",28,179,44,93,NA,NA,NA,NA,NA,NA,NA,NA,NA,NA,NA,NA,NA,NA,NA,NA,NA,NA,NA,NA,NA,NA,NA,NA
"Gastrulation_E8.5b","Ga_M26","L_M8","Lateral plate mesoderm","First heart field","Dataset equivalence",42,179,128,93,NA,NA,NA,NA,NA,NA,NA,NA,NA,NA,NA,NA,NA,NA,NA,NA,NA,NA,NA,NA,NA,NA,NA,NA
"Gastrulation_E8.5b","Ga_M21","G_M8","Gut","Gut","Dataset equivalence",37,123,108,108,NA,NA,NA,NA,NA,NA,NA,NA,NA,NA,NA,NA,NA,NA,NA,NA,NA,NA,NA,NA,NA,NA,NA,NA
"Gastrulation_E8.5b","Ga_M22","L_M13","Gut mesenchyme","Gut mesenchyme","Dataset equivalence",38,157,109,109,NA,NA,NA,NA,NA,NA,NA,NA,NA,NA,NA,NA,NA,NA,NA,NA,NA,NA,NA,NA,NA,NA,NA,NA
"Gastrulation_E8.5b","Ga_M23","En_M7","Hematoendothelial progenitors","Hematoendothelial progenitors","Dataset equivalence",39,62,110,110,NA,NA,NA,NA,NA,NA,NA,NA,NA,NA,NA,NA,NA,NA,NA,NA,NA,NA,NA,NA,NA,NA,NA,NA
"Gastrulation_E8.5b","Ga_M17","En_M7","Endothelium","Hematoendothelial progenitors","Dataset equivalence",33,62,83,110,NA,NA,NA,NA,NA,NA,NA,NA,NA,NA,NA,NA,NA,NA,NA,NA,NA,NA,NA,NA,NA,NA,NA,NA
"Gastrulation_E8.5b","Ga_M24","BS_M20","Hindbrain","Hindbrain","Dataset equivalence",40,220,115,115,NA,NA,NA,NA,NA,NA,NA,NA,NA,NA,NA,NA,NA,NA,NA,NA,NA,NA,NA,NA,NA,NA,NA,NA
"Brain_spinal_cord","BS_M20","BS_M2","Hindbrain","Anterior roof plate","Developmental progression",220,219,115,23,NA,NA,NA,NA,NA,NA,NA,NA,NA,NA,NA,NA,NA,NA,NA,NA,NA,NA,NA,NA,NA,NA,NA,NA
"Gastrulation_E8.5b","Ga_M27","BS_M25","Midbrain","Midbrain","Dataset equivalence",43,225,147,147,NA,NA,NA,NA,NA,NA,NA,NA,NA,NA,NA,NA,NA,NA,NA,NA,NA,NA,NA,NA,NA,NA,NA,NA
"Gastrulation_E8.5b","Ga_M31","M_M11","Paraxial mesoderm (Tbx6+)","Mesodermal progenitors (Tbx6+)","Dataset equivalence",47,266,192,142,NA,NA,NA,NA,NA,NA,NA,NA,NA,NA,NA,NA,NA,NA,NA,NA,NA,NA,NA,NA,NA,NA,NA,NA
"Gastrulation_E8.5b","Ga_M27","BS_M27","Midbrain","Midbrain-hindbrain boundary","Dataset equivalence",43,227,147,149,NA,NA,NA,NA,NA,NA,NA,NA,NA,NA,NA,NA,NA,NA,NA,NA,NA,NA,NA,NA,NA,NA,NA,NA
"Gastrulation_E8.5b","Ga_M29","PG_M4","Neural crest","Neural crest (PNS glia)","Dataset equivalence",45,128,167,168,NA,NA,NA,NA,NA,NA,NA,NA,NA,NA,NA,NA,NA,NA,NA,NA,NA,NA,NA,NA,NA,NA,NA,NA
"Gastrulation_E8.5b","Ga_M14","BS_M31","CLE and NMPs","NMPs and spinal cord progenitors","Dataset equivalence",30,232,42,162,NA,NA,NA,NA,NA,NA,NA,NA,NA,NA,NA,NA,NA,NA,NA,NA,NA,NA,NA,NA,NA,NA,NA,NA
"Gastrulation_E8.5b","Ga_M30","No_M1","Notochord","Notochord","Dataset equivalence",46,282,174,174,NA,NA,NA,NA,NA,NA,NA,NA,NA,NA,NA,NA,NA,NA,NA,NA,NA,NA,NA,NA,NA,NA,NA,NA
"Gastrulation_E8.5b","Ga_M36","Ep_M14","Surface ectoderm","Olfactory epithelial cells","Dataset equivalence",52,70,245,177,NA,NA,NA,NA,NA,NA,NA,NA,NA,NA,NA,NA,NA,NA,NA,NA,NA,NA,NA,NA,NA,NA,NA,NA
"Gastrulation_E8.5b","Ga_M36","Ep_M16","Surface ectoderm","Otic epithelial cells","Dataset equivalence",52,72,245,184,NA,NA,NA,NA,NA,NA,NA,NA,NA,NA,NA,NA,NA,NA,NA,NA,NA,NA,NA,NA,NA,NA,NA,NA
"Gastrulation_E8.5b","Ga_M36","Ep_M21","Surface ectoderm","Placodal area","Dataset equivalence",52,78,245,200,NA,NA,NA,NA,NA,NA,NA,NA,NA,NA,NA,NA,NA,NA,NA,NA,NA,NA,NA,NA,NA,NA,NA,NA
"Gastrulation_E8.5b","Ga_M19","BS_M34","Floor plate","Floorplate and p3 domain","Dataset equivalence",35,235,94,95,NA,NA,NA,NA,NA,NA,NA,NA,NA,NA,NA,NA,NA,NA,NA,NA,NA,NA,NA,NA,NA,NA,NA,NA
"Gastrulation_E8.5b","Ga_M35","BS_M35","Spinal cord","Posterior roof plate","Dataset equivalence",51,236,230,204,NA,NA,NA,NA,NA,NA,NA,NA,NA,NA,NA,NA,NA,NA,NA,NA,NA,NA,NA,NA,NA,NA,NA,NA
"Gastrulation_E8.5b","Ga_M36","Ep_M22","Surface ectoderm","Pre-epidermal keratinocytes","Dataset equivalence",52,79,245,205,NA,NA,NA,NA,NA,NA,NA,NA,NA,NA,NA,NA,NA,NA,NA,NA,NA,NA,NA,NA,NA,NA,NA,NA
"Gastrulation_E8.5b","Ga_M33","B_M24","Primitive erythroid cells","Primitive erythroid cells","Dataset equivalence",49,197,208,208,NA,NA,NA,NA,NA,NA,NA,NA,NA,NA,NA,NA,NA,NA,NA,NA,NA,NA,NA,NA,NA,NA,NA,NA
"Gastrulation_E8.5b","Ga_M34","Ep_M23","Primordial germ cells","Primordial germ cells","Dataset equivalence",50,80,210,210,NA,NA,NA,NA,NA,NA,NA,NA,NA,NA,NA,NA,NA,NA,NA,NA,NA,NA,NA,NA,NA,NA,NA,NA
"Gastrulation_E8.5b","Ga_M25","R_M10","Intermediate mesoderm","Posterior intermediate mesoderm","Dataset equivalence",41,140,122,203,NA,NA,NA,NA,NA,NA,NA,NA,NA,NA,NA,NA,NA,NA,NA,NA,NA,NA,NA,NA,NA,NA,NA,NA
"Gastrulation_E8.5b","Ga_M7","L_M3","Allantois","Allantois","Dataset equivalence",23,174,13,13,NA,NA,NA,NA,NA,NA,NA,NA,NA,NA,NA,NA,NA,NA,NA,NA,NA,NA,NA,NA,NA,NA,NA,NA
"Gastrulation_E8.5b","Ga_M8","Ep_M1","Amniotic ectoderm","Amniotic ectoderm","Dataset equivalence",24,65,18,18,NA,NA,NA,NA,NA,NA,NA,NA,NA,NA,NA,NA,NA,NA,NA,NA,NA,NA,NA,NA,NA,NA,NA,NA
"Gastrulation_E8.5b","Ga_M9","L_M4","Amniotic mesoderm","Amniotic mesoderm","Dataset equivalence",25,175,19,19,NA,NA,NA,NA,NA,NA,NA,NA,NA,NA,NA,NA,NA,NA,NA,NA,NA,NA,NA,NA,NA,NA,NA,NA
"Gastrulation_E8.5b","Ga_M19","BS_M1","Floor plate","Anterior floor plate","Dataset equivalence",35,208,94,20,NA,NA,NA,NA,NA,NA,NA,NA,NA,NA,NA,NA,NA,NA,NA,NA,NA,NA,NA,NA,NA,NA,NA,NA
"Gastrulation_E8.5b","Ga_M25","R_M1","Intermediate mesoderm","Anterior intermediate mesoderm","Dataset equivalence",41,139,122,21,NA,NA,NA,NA,NA,NA,NA,NA,NA,NA,NA,NA,NA,NA,NA,NA,NA,NA,NA,NA,NA,NA,NA,NA
"Gastrulation_E8.5b","Ga_M24","BS_M2","Hindbrain","Anterior roof plate","Dataset equivalence",40,219,115,23,NA,NA,NA,NA,NA,NA,NA,NA,NA,NA,NA,NA,NA,NA,NA,NA,NA,NA,NA,NA,NA,NA,NA,NA
"Gastrulation_E8.5b","Ga_M17","En_M1","Endothelium","Arterial endothelial cells","Dataset equivalence",33,53,83,25,NA,NA,NA,NA,NA,NA,NA,NA,NA,NA,NA,NA,NA,NA,NA,NA,NA,NA,NA,NA,NA,NA,NA,NA
"Gastrulation_E8.5b","Ga_M13","L_M6","Cardiopharyngeal mesoderm","Cardiopharyngeal mesoderm","Dataset equivalence",29,177,45,45,NA,NA,NA,NA,NA,NA,NA,NA,NA,NA,NA,NA,NA,NA,NA,NA,NA,NA,NA,NA,NA,NA,NA,NA
"Gastrulation_E8.5b","Ga_M32","M_M7","Paraxial mesoderm (Tbx6-)","Dermomyotome","Dataset equivalence",48,279,193,73,NA,NA,NA,NA,NA,NA,NA,NA,NA,NA,NA,NA,NA,NA,NA,NA,NA,NA,NA,NA,NA,NA,NA,NA
"Gastrulation_E8.5b","Ga_M20","BS_M14","Forebrain","Diencephalon","Dataset equivalence",36,213,96,76,NA,NA,NA,NA,NA,NA,NA,NA,NA,NA,NA,NA,NA,NA,NA,NA,NA,NA,NA,NA,NA,NA,NA,NA
"Gastrulation_E8.5b","Ga_M17","En_M5","Endothelium","Endothelium","Dataset equivalence",33,60,83,83,NA,NA,NA,NA,NA,NA,NA,NA,NA,NA,NA,NA,NA,NA,NA,NA,NA,NA,NA,NA,NA,NA,NA,NA
"Gastrulation_E8.5b","Ga_M23","En_M5","Hematoendothelial progenitors","Endothelium","Dataset equivalence",39,60,110,83,NA,NA,NA,NA,NA,NA,NA,NA,NA,NA,NA,NA,NA,NA,NA,NA,NA,NA,NA,NA,NA,NA,NA,NA
"Gastrulation_E8.5b","Ga_M18","L_M7","Extraembryonic mesoderm","Extraembryonic mesoderm","Dataset equivalence",34,178,88,88,NA,NA,NA,NA,NA,NA,NA,NA,NA,NA,NA,NA,NA,NA,NA,NA,NA,NA,NA,NA,NA,NA,NA,NA
"Gastrulation_E8.5b","Ga_M3","G_M6","Extraembryonic visceral endoderm","Extraembryonic visceral endoderm","Dataset equivalence",19,121,89,89,NA,NA,NA,NA,NA,NA,NA,NA,NA,NA,NA,NA,NA,NA,NA,NA,NA,NA,NA,NA,NA,NA,NA,NA
"Gastrulation_E8.5b","Ga_M20","Ey_M7","Forebrain","Eye field","Dataset equivalence",36,106,96,90,NA,NA,NA,NA,NA,NA,NA,NA,NA,NA,NA,NA,NA,NA,NA,NA,NA,NA,NA,NA,NA,NA,NA,NA
"Gastrulation_E8.5b","Ga_M32","M_M9","Paraxial mesoderm (Tbx6-)","Facial mesenchyme","Dataset equivalence",48,281,193,91,NA,NA,NA,NA,NA,NA,NA,NA,NA,NA,NA,NA,NA,NA,NA,NA,NA,NA,NA,NA,NA,NA,NA,NA
"Gastrulation_E8.5b","Ga_M29","M_M9","Neural crest","Facial mesenchyme","Dataset equivalence",45,281,167,91,NA,NA,NA,NA,NA,NA,NA,NA,NA,NA,NA,NA,NA,NA,NA,NA,NA,NA,NA,NA,NA,NA,NA,NA
"Gastrulation_E8.5b","Ga_M26","L_M24","Lateral plate mesoderm","Somatic mesoderm","Dataset equivalence",42,169,128,224,NA,NA,NA,NA,NA,NA,NA,NA,NA,NA,NA,NA,NA,NA,NA,NA,NA,NA,NA,NA,NA,NA,NA,NA
"Gastrulation_E8.5b","Ga_M35","BS_M40","Spinal cord","Spinal cord/r7/r8","Dataset equivalence",51,242,230,234,NA,NA,NA,NA,NA,NA,NA,NA,NA,NA,NA,NA,NA,NA,NA,NA,NA,NA,NA,NA,NA,NA,NA,NA
"Gastrulation_E8.5b","Ga_M26","L_M25","Lateral plate mesoderm","Splanchnic mesoderm","Dataset equivalence",42,170,128,241,NA,NA,NA,NA,NA,NA,NA,NA,NA,NA,NA,NA,NA,NA,NA,NA,NA,NA,NA,NA,NA,NA,NA,NA
"Gastrulation_E8.5b","Ga_M20","BS_M54","Forebrain","Telencephalon","Dataset equivalence",36,257,96,249,NA,NA,NA,NA,NA,NA,NA,NA,NA,NA,NA,NA,NA,NA,NA,NA,NA,NA,NA,NA,NA,NA,NA,NA
"Endothelium","En_M7","En_M5","Hematoendothelial progenitors","Endothelium","Developmental progression",62,60,110,83,NA,NA,NA,NA,NA,NA,NA,NA,NA,NA,NA,NA,NA,NA,NA,NA,NA,NA,NA,NA,NA,NA,NA,NA
"Endothelium","En_M5","En_M1","Endothelium","Arterial endothelial cells","Developmental progression",60,53,83,25,NA,NA,NA,NA,NA,NA,NA,NA,NA,NA,NA,NA,NA,NA,NA,NA,NA,NA,NA,NA,NA,NA,NA,NA
"Lateral_plate_mesoderm","L_M7","L_M3","Extraembryonic mesoderm","Allantois","Developmental progression",178,174,88,13,NA,NA,NA,NA,NA,NA,NA,NA,NA,NA,NA,NA,NA,NA,NA,NA,NA,NA,NA,NA,NA,NA,NA,NA
"Gastrulation_E8.5b","Ga_M20","BS_M22","Forebrain","Hypothalamus","Dataset equivalence",36,222,96,119,NA,NA,NA,NA,NA,NA,NA,NA,NA,NA,NA,NA,NA,NA,NA,NA,NA,NA,NA,NA,NA,NA,NA,NA
"Gastrulation_E8.5b","Ga_M26","L_M22","Lateral plate mesoderm","Second heart field","Dataset equivalence",42,167,128,222,NA,NA,NA,NA,NA,NA,NA,NA,NA,NA,NA,NA,NA,NA,NA,NA,NA,NA,NA,NA,NA,NA,NA,NA
"Gastrulation_E8.5b","Ga_M29","PN_M4","Neural crest","Neural crest (PNS neurons)","Dataset equivalence",45,134,167,169,NA,NA,NA,NA,NA,NA,NA,NA,NA,NA,NA,NA,NA,NA,NA,NA,NA,NA,NA,NA,NA,NA,NA,NA
"Gastrulation_E8.5b","Ga_M32","M_M18","Paraxial mesoderm (Tbx6-)","Sclerotome","Dataset equivalence",48,273,193,221,NA,NA,NA,NA,NA,NA,NA,NA,NA,NA,NA,NA,NA,NA,NA,NA,NA,NA,NA,NA,NA,NA,NA,NA
"Gastrulation_E8.5b","Ga_M12","L_M22","Cardiogenic mesoderm","Second heart field","Dataset equivalence",28,167,44,222,NA,NA,NA,NA,NA,NA,NA,NA,NA,NA,NA,NA,NA,NA,NA,NA,NA,NA,NA,NA,NA,NA,NA,NA
"Gastrulation_E8.5b","Ga_M11","B_M11","Blood progenitors","Hematopoietic stem cells (Cd34+)","Dataset equivalence",27,183,35,111,NA,NA,NA,NA,NA,NA,NA,NA,NA,NA,NA,NA,NA,NA,NA,NA,NA,NA,NA,NA,NA,NA,NA,NA
