system,x,y,x_name,y_name,edge_type,x_number,y_number,x_id,y_id,n_x,median_x,sh_x,q90_x,frac>0_x,variance_x,std_x,n_y,median_y,sh_y,q90_y,frac>0_y,variance_y,std_y,abs_delta,delta,cohens_d,pct_change,abs_pct_change,system_name
Blood,B_M8,B_M9,Definitive early erythroblasts (CD36-),Definitive erythroblasts (CD36+),Developmental progression,206.0,207.0,188,189,929291,0.0,0.0188329592727741,0.0618888888888888,0.1184257676013218,0.003459775323524,0.0588198548410653,92446,0.0,0.0039714439901251,0.0,0.0157605521060943,0.0010312823537838,0.0321135851904423,0.014862,-0.014862,-0.3136,-78.91,78.91,Blood
Blood,B_M11,B_M18,Hematopoietic stem cells (Cd34+),Monocytes,Developmental progression,183.0,190.0,166,173,37750,0.0,0.0158012774098601,0.034,0.1134569536423841,0.0027579163465405,0.0525158675691499,29268,0.0,0.0056960540901705,0.0,0.0406245729123957,0.0010604886199337,0.0325651442486241,0.010105,-0.010105,-0.2313,-63.95,63.95,Blood
Blood,B_M19,B_M23,Monocytic myeloid-derived suppressor cells,PMN myeloid-derived suppressor cells,Developmental progression,191.0,196.0,174,179,24741,0.0,0.0033044384265434,0.0,0.0214219312073077,0.000653003509492,0.0255539333467863,15382,0.0,0.0018243834785246,0.0,0.0086464698998829,0.000418519796109,0.0204577563801361,0.00148,-0.00148,-0.0639,-44.79,44.79,Blood
Blood,B_M25,B_M26,Regulatory T cells,T cells,Developmental progression,198.0,199.0,180,181,9800,0.0,0.0239902040816326,0.116688888888889,0.1465306122448979,0.0044051856007314,0.0663715722333846,70028,0.0,0.017122393899583,0.0,0.0949334551893528,0.0034540435011949,0.0587711111107736,0.006868,-0.006868,-0.1096,-28.63,28.63,Blood
Blood,B_M26,B_M1,T cells,Activated T cells,Developmental progression,199.0,181.0,181,164,70028,0.0,0.017122393899583,0.0,0.0949334551893528,0.0034540435011949,0.0587711111107736,6621,0.0,0.0147628421352934,0.0,0.0673614257665005,0.0033148966886082,0.0575751395014219,0.00236,-0.00236,-0.0406,-13.78,13.78,Blood
Blood,B_M15,B_M8,Megakaryocyte-erythroid progenitors,Definitive early erythroblasts (CD36-),Developmental progression,187.0,206.0,170,188,13436,0.0,0.0264352485858886,0.1267222222222222,0.1839833283715391,0.0044750089015404,0.0668955073345019,929291,0.0,0.0188329592727741,0.0618888888888888,0.1184257676013218,0.003459775323524,0.0588198548410653,0.007602,-0.007602,-0.1207,-28.76,28.76,Blood
Blood,B_M5,B_M17,Border-associated macrophages,Microglia,Developmental progression,203.0,189.0,185,172,65191,0.0,0.007769830191284,0.0,0.0488410976975349,0.0015727115106012,0.0396574269286498,8382,0.0,0.0088159018001537,0.0,0.0547602004294917,0.0017259274419915,0.0415442829038063,0.001046,0.001046,0.0258,13.46,13.46,Blood
Blood,B_M11,B_M5,Hematopoietic stem cells (Cd34+),Border-associated macrophages,Developmental progression,183.0,203.0,166,185,37750,0.0,0.0158012774098601,0.034,0.1134569536423841,0.0027579163465405,0.0525158675691499,65191,0.0,0.007769830191284,0.0,0.0488410976975349,0.0015727115106012,0.0396574269286498,0.008031,-0.008031,-0.1726,-50.83,50.83,Blood
Blood,B_M12,B_M19,Hematopoietic stem cells (Mpo+),Monocytic myeloid-derived suppressor cells,Developmental progression,184.0,191.0,167,174,23128,0.0,0.0095232810638379,0.0,0.0679263230716015,0.0017161458946865,0.0414263912824482,24741,0.0,0.0033044384265434,0.0,0.0214219312073077,0.000653003509492,0.0255539333467863,0.006219,-0.006219,-0.1807,-65.3,65.3,Blood
Blood,B_M11,B_M12,Hematopoietic stem cells (Cd34+),Hematopoietic stem cells (Mpo+),Developmental progression,183.0,184.0,166,167,37750,0.0,0.0158012774098601,0.034,0.1134569536423841,0.0027579163465405,0.0525158675691499,23128,0.0,0.0095232810638379,0.0,0.0679263230716015,0.0017161458946865,0.0414263912824482,0.006278,-0.006278,-0.1327,-39.73,39.73,Blood
Blood,B_M11,B_M7,Hematopoietic stem cells (Cd34+),Conventional dendritic cells,Developmental progression,183.0,205.0,166,187,37750,0.0,0.0158012774098601,0.034,0.1134569536423841,0.0027579163465405,0.0525158675691499,4582,0.0,0.0095962704301857,0.0,0.0571802706241815,0.0019485258751459,0.044142109998797,0.006205,-0.006205,-0.1279,-39.27,39.27,Blood
Blood,B_M3,B_M4,B cell progenitors,B cells,Developmental progression,201.0,202.0,183,184,1295,0.0,0.0293317889317889,0.1462,0.1861003861003861,0.0051151577437156,0.0715203309815859,43057,0.0,0.014974537628415,0.0,0.0829365724504726,0.0030366934368175,0.0551062014370206,0.014357,-0.014357,-0.2249,-48.95,48.95,Blood
Blood,B_M11,B_M8,Hematopoietic stem cells (Cd34+),Definitive early erythroblasts (CD36-),Developmental progression,183.0,206.0,166,188,37750,0.0,0.0158012774098601,0.034,0.1134569536423841,0.0027579163465405,0.0525158675691499,929291,0.0,0.0188329592727741,0.0618888888888888,0.1184257676013218,0.003459775323524,0.0588198548410653,0.003032,0.003032,0.0544,19.19,19.19,Blood
Blood,B_M5,B_M13,Border-associated macrophages,Kupffer cells,Developmental progression,203.0,185.0,185,168,65191,0.0,0.007769830191284,0.0,0.0488410976975349,0.0015727115106012,0.0396574269286498,33417,0.0,0.0050524317296918,0.0,0.0351018942454439,0.0009416371102763,0.0306861061439261,0.002717,-0.002717,-0.0766,-34.97,34.97,Blood
Blood,B_M27,B_M26,T-NK progenitors,T cells,Developmental progression,200.0,199.0,182,181,1901,0.0,0.0138961365363259,0.003,0.1004734350341925,0.0024397510975414,0.0493938366351653,70028,0.0,0.017122393899583,0.0,0.0949334551893528,0.0034540435011949,0.0587711111107736,0.003226,0.003226,0.0594,23.22,23.22,Blood
Blood,B_M27,B_M25,T-NK progenitors,Regulatory T cells,Developmental progression,200.0,198.0,182,180,1901,0.0,0.0138961365363259,0.003,0.1004734350341925,0.0024397510975414,0.0493938366351653,9800,0.0,0.0239902040816326,0.116688888888889,0.1465306122448979,0.0044051856007314,0.0663715722333846,0.010094,0.010094,0.1725,72.64,72.64,Blood
Blood,B_M5,B_M6,Border-associated macrophages,Border-associated macrophages (Ms4a8a+),Developmental progression,203.0,204.0,185,186,65191,0.0,0.007769830191284,0.0,0.0488410976975349,0.0015727115106012,0.0396574269286498,4736,0.0,0.0039840934684684,0.0,0.026393581081081,0.0007576308627331,0.027525095144851,0.003786,-0.003786,-0.1109,-48.72,48.72,Blood
Blood,B_M11,B_M3,Hematopoietic stem cells (Cd34+),B cell progenitors,Developmental progression,183.0,201.0,166,183,37750,0.0,0.0158012774098601,0.034,0.1134569536423841,0.0027579163465405,0.0525158675691499,1295,0.0,0.0293317889317889,0.1462,0.1861003861003861,0.0051151577437156,0.0715203309815859,0.013531,0.013531,0.2157,85.63,85.63,Blood
Blood,B_M11,B_M15,Hematopoietic stem cells (Cd34+),Megakaryocyte-erythroid progenitors,Developmental progression,183.0,187.0,166,170,37750,0.0,0.0158012774098601,0.034,0.1134569536423841,0.0027579163465405,0.0525158675691499,13436,0.0,0.0264352485858886,0.1267222222222222,0.1839833283715391,0.0044750089015404,0.0668955073345019,0.010634,0.010634,0.1768,67.3,67.3,Blood
Blood,B_M11,B_M22,Hematopoietic stem cells (Cd34+),Plasmacytoid dendritic cells,Developmental progression,183.0,195.0,166,178,37750,0.0,0.0158012774098601,0.034,0.1134569536423841,0.0027579163465405,0.0525158675691499,1101,0.0,0.0237710162478554,0.1096666666666666,0.1353315168029064,0.0046431068790437,0.0681403469248851,0.00797,0.00797,0.131,50.44,50.44,Blood
Blood,B_M18,B_M7,Monocytes,Conventional dendritic cells,Developmental progression,190.0,205.0,173,187,29268,0.0,0.0056960540901705,0.0,0.0406245729123957,0.0010604886199337,0.0325651442486241,4582,0.0,0.0095962704301857,0.0,0.0571802706241815,0.0019485258751459,0.044142109998797,0.0039,0.0039,0.1006,68.47,68.47,Blood
Blood,B_M11,B_M10,Hematopoietic stem cells (Cd34+),Granulocytes,Developmental progression,183.0,182.0,166,165,37750,0.0,0.0158012774098601,0.034,0.1134569536423841,0.0027579163465405,0.0525158675691499,3547,0.0,0.0074462299909156,0.0,0.0532844657457005,0.0013455086380899,0.0366811755276449,0.008355,-0.008355,-0.1845,-52.88,52.88,Blood
Blood,B_M18,B_M2,Monocytes,Adipose tissue macrophages,Developmental progression,190.0,192.0,173,175,29268,0.0,0.0056960540901705,0.0,0.0406245729123957,0.0010604886199337,0.0325651442486241,4190,0.0,0.0058215857862635,0.0,0.0369928400954653,0.0011030829853099,0.033212693135455,0.000126,0.000126,0.0038,2.2,2.2,Blood
Blood,B_M11,B_M14,Hematopoietic stem cells (Cd34+),Mast cells,Developmental progression,183.0,186.0,166,169,37750,0.0,0.0158012774098601,0.034,0.1134569536423841,0.0027579163465405,0.0525158675691499,23828,0.0,0.023093093093093,0.1069999999999999,0.1395417156286721,0.0043420802706989,0.0658944631262665,0.007292,0.007292,0.1224,46.15,46.15,Blood
Blood,B_M11,B_M27,Hematopoietic stem cells (Cd34+),T-NK progenitors,Developmental progression,183.0,200.0,166,182,37750,0.0,0.0158012774098601,0.034,0.1134569536423841,0.0027579163465405,0.0525158675691499,1901,0.0,0.0138961365363259,0.003,0.1004734350341925,0.0024397510975414,0.0493938366351653,0.001905,-0.001905,-0.0374,-12.06,12.06,Blood
Blood,B_M5,B_M21,Border-associated macrophages,Osteoclasts,Developmental progression,203.0,194.0,185,177,65191,0.0,0.007769830191284,0.0,0.0488410976975349,0.0015727115106012,0.0396574269286498,3323,0.0,0.0126250041796234,0.0,0.0902798675895275,0.0022656184166791,0.0475985127570084,0.004855,0.004855,0.1108,62.49,62.49,Blood
Blood,B_M11,B_M25,Hematopoietic stem cells (Cd34+),Regulatory T cells,Developmental progression,183.0,198.0,166,180,37750,0.0,0.0158012774098601,0.034,0.1134569536423841,0.0027579163465405,0.0525158675691499,9800,0.0,0.0239902040816326,0.116688888888889,0.1465306122448979,0.0044051856007314,0.0663715722333846,0.008189,0.008189,0.1368,51.82,51.82,Blood
Blood,B_M15,B_M16,Megakaryocyte-erythroid progenitors,Megakaryocytes,Developmental progression,187.0,188.0,170,171,13436,0.0,0.0264352485858886,0.1267222222222222,0.1839833283715391,0.0044750089015404,0.0668955073345019,14777,0.0,0.0108026813441308,0.0,0.0793801177505583,0.0018940326034832,0.0435204848718761,0.015633,-0.015633,-0.277,-59.14,59.14,Blood
Blood,B_M27,B_M20,T-NK progenitors,Natural killer cells,Developmental progression,200.0,193.0,182,176,1901,0.0,0.0138961365363259,0.003,0.1004734350341925,0.0024397510975414,0.0493938366351653,2961,0.0,0.0126941723892078,0.0,0.0732860520094562,0.002553474797901,0.0505319186049866,0.001202,-0.001202,-0.0241,-8.65,8.65,Blood
Brain_spinal_cord,BS_M54,BS_M15,Telencephalon,Dorsal telencephalon,Developmental progression,257.0,214.0,237,196,430409,0.0,0.1093734411646474,0.3223005968529571,0.302681867711874,0.0334671402664523,0.1829402642024229,30144,0.0,0.0750209448616616,0.2977030204376921,0.2468816348195329,0.0184601839416799,0.1358682595078037,0.034352,-0.034352,-0.2132,-31.41,31.41,Brain_spinal_cord
Brain_spinal_cord,BS_M20,BS_M34,Hindbrain,Floorplate and p3 domain,Developmental progression,220.0,235.0,34,215,197367,0.2676795080484717,0.1944043477067215,0.5523602821486706,0.5204365471431395,0.0454577152440473,0.2132081500413323,44992,0.3047567372038343,0.2578311022098147,0.6008319768493399,0.6822546230440967,0.0452450328957174,0.2127087983505087,0.063427,0.063427,0.2978,32.63,32.63,Brain_spinal_cord
Brain_spinal_cord,BS_M25,BS_M23,Midbrain,Hypothalamus (Sim1+),Developmental progression,225.0,223.0,37,204,145124,0.0,0.1111955629150967,0.3219388677880267,0.3047669579118547,0.0340947598805358,0.1846476641621436,14611,0.2986073431000181,0.2415497264385263,0.5756918068366793,0.6625829854219424,0.0409451427936319,0.2023490617562431,0.130354,0.130354,0.673,117.23,117.23,Brain_spinal_cord
Brain_spinal_cord,BS_M40,BS_M35,Spinal cord/r7/r8,Posterior roof plate,Developmental progression,242.0,236.0,222,216,395636,0.2801591607885694,0.2003485609844605,0.5545306565382528,0.5359269631681647,0.045215830352988,0.2126401428540434,11623,0.0,0.1877154593675138,0.5532646048109966,0.4951389486363245,0.047717405826588,0.2184431409465355,0.012633,-0.012633,-0.0586,-6.31,6.31,Brain_spinal_cord
Brain_spinal_cord,BS_M40,BS_M34,Spinal cord/r7/r8,Floorplate and p3 domain,Developmental progression,242.0,235.0,222,215,395636,0.2801591607885694,0.2003485609844605,0.5545306565382528,0.5359269631681647,0.045215830352988,0.2126401428540434,44992,0.3047567372038343,0.2578311022098147,0.6008319768493399,0.6822546230440967,0.0452450328957174,0.2127087983505087,0.057483,0.057483,0.2703,28.69,28.69,Brain_spinal_cord
Brain_spinal_cord,BS_M14,BS_M15,Diencephalon,Dorsal telencephalon,Developmental progression,213.0,214.0,195,196,78021,0.2673177789835413,0.1987020069208009,0.5737022969795623,0.5265761782084311,0.0466816276230748,0.2160593150574045,30144,0.0,0.0750209448616616,0.2977030204376921,0.2468816348195329,0.0184601839416799,0.1358682595078037,0.123681,-0.123681,-0.6853,-62.24,62.24,Brain_spinal_cord
Brain_spinal_cord,BS_M27,BS_M2,Midbrain-hindbrain boundary,Anterior roof plate,Developmental progression,227.0,219.0,207,201,66071,0.0,0.1690631785234384,0.3309820944112859,0.4839036793752175,0.0373769717221721,0.193331248695528,16098,0.0,0.0683586702095352,0.2902875746066197,0.2271710771524413,0.0171861235703433,0.1310958564194281,0.100705,-0.100705,-0.6097,-59.57,59.57,Brain_spinal_cord
Brain_spinal_cord,BS_M14,BS_M23,Diencephalon,Hypothalamus (Sim1+),Developmental progression,213.0,223.0,195,204,78021,0.2673177789835413,0.1987020069208009,0.5737022969795623,0.5265761782084311,0.0466816276230748,0.2160593150574045,14611,0.2986073431000181,0.2415497264385263,0.5756918068366793,0.6625829854219424,0.0409451427936319,0.2023490617562431,0.042848,0.042848,0.2047,21.56,21.56,Brain_spinal_cord
Brain_spinal_cord,BS_M22,BS_M23,Hypothalamus,Hypothalamus (Sim1+),Developmental progression,222.0,223.0,203,204,53378,0.3148851510218846,0.2885750404600444,0.5979381443298969,0.7748697965453932,0.0375985566409522,0.1939034724829656,14611,0.2986073431000181,0.2415497264385263,0.5756918068366793,0.6625829854219424,0.0409451427936319,0.2023490617562431,0.047025,-0.047025,-0.2373,-16.3,16.3,Brain_spinal_cord
Brain_spinal_cord,BS_M27,BS_M34,Midbrain-hindbrain boundary,Floorplate and p3 domain,Developmental progression,227.0,235.0,207,215,66071,0.0,0.1690631785234384,0.3309820944112859,0.4839036793752175,0.0373769717221721,0.193331248695528,44992,0.3047567372038343,0.2578311022098147,0.6008319768493399,0.6822546230440967,0.0452450328957174,0.2127087983505087,0.088768,0.088768,0.4367,52.51,52.51,Brain_spinal_cord
Brain_spinal_cord,BS_M44,BS_M18,Spinal dI4 interneurons,GABAergic neurons (after E13.0),Developmental progression,246.0,217.0,226,199,38632,0.0,0.0685788652515395,0.3876182965299685,0.1727324497825637,0.023075199587104,0.1519052322571674,292004,0.0,0.0665618987890793,0.3402996845425867,0.1962541609019054,0.0197554239789605,0.1405539895519174,0.002017,-0.002017,-0.0138,-2.94,2.94,Brain_spinal_cord
Brain_spinal_cord,BS_M45,BS_M19,Spinal dI5 interneurons,Glutamatergic neurons (after E13.0),Developmental progression,247.0,218.0,227,200,39157,0.0,0.0908732471376854,0.4081230283911672,0.2273922925658247,0.0287575125211499,0.1695804013474136,570526,0.0,0.0596380055049316,0.3272870662460567,0.1757833998801106,0.0180647625616808,0.1344052177621122,0.031235,-0.031235,-0.2041,-34.37,34.37,Brain_spinal_cord
Brain_spinal_cord,BS_M13,BS_M19,Di/mesencephalon glutamatergic neurons,Glutamatergic neurons (after E13.0),Developmental progression,212.0,218.0,194,200,30999,0.0,0.0629731950242009,0.3769716088328075,0.1607471208748669,0.0214042004808575,0.1463017446268413,570526,0.0,0.0596380055049316,0.3272870662460567,0.1757833998801106,0.0180647625616808,0.1344052177621122,0.003335,-0.003335,-0.0237,-5.3,5.3,Brain_spinal_cord
Brain_spinal_cord,BS_M17,BS_M18,GABAergic cortical interneurons,GABAergic neurons (after E13.0),Developmental progression,216.0,217.0,198,199,603448,0.0,0.0686051464367104,0.38801261829653,0.1756539088703583,0.0230832494412741,0.1519317262498985,292004,0.0,0.0665618987890793,0.3402996845425867,0.1962541609019054,0.0197554239789605,0.1405539895519174,0.002043,-0.002043,-0.014,-2.98,2.98,Brain_spinal_cord
Brain_spinal_cord,BS_M41,BS_M19,Spinal dI1 interneurons,Glutamatergic neurons (after E13.0),Developmental progression,243.0,218.0,223,200,35714,0.0,0.0653231093356633,0.3801261829652996,0.1675253402027216,0.0216249625990527,0.1470542845314365,570526,0.0,0.0596380055049316,0.3272870662460567,0.1757833998801106,0.0180647625616808,0.1344052177621122,0.005685,-0.005685,-0.0404,-8.7,8.7,Brain_spinal_cord
Brain_spinal_cord,BS_M12,BS_M18,Di/mesencephalon GABAergic neurons,GABAergic neurons (after E13.0),Developmental progression,211.0,217.0,193,199,15589,0.0,0.1038728119176488,0.4203470031545742,0.2528064660978895,0.0328373783635145,0.1812108671231239,292004,0.0,0.0665618987890793,0.3402996845425867,0.1962541609019054,0.0197554239789605,0.1405539895519174,0.037311,-0.037311,-0.2301,-35.92,35.92,Brain_spinal_cord
Brain_spinal_cord,BS_M11,BS_M53,Deep-layer neurons,Subplate neurons,Developmental progression,210.0,256.0,192,236,236402,0.0,0.0369367331357213,0.2235410094637201,0.1029094508506696,0.0124167702699905,0.1114305625490175,103397,0.0,0.0298443689629836,0.0,0.0905538845421047,0.0093228159353381,0.0965547302587403,0.007092,-0.007092,-0.068,-19.2,19.2,Brain_spinal_cord
Brain_spinal_cord,BS_M21,BS_M19,Hypothalamic Sim1 neurons,Glutamatergic neurons (after E13.0),Developmental progression,221.0,218.0,202,200,19592,0.0,0.1155904988580931,0.4215299684542587,0.2837893017558187,0.0353261547380582,0.1879525332046849,570526,0.0,0.0596380055049316,0.3272870662460567,0.1757833998801106,0.0180647625616808,0.1344052177621122,0.055952,-0.055952,-0.3425,-48.41,48.41,Brain_spinal_cord
Brain_spinal_cord,BS_M54,BS_M24,Telencephalon,Intermediate neuronal progenitors,Developmental progression,257.0,224.0,237,205,430409,0.0,0.1093734411646474,0.3223005968529571,0.302681867711874,0.0334671402664523,0.1829402642024229,42068,0.0,0.0222655770287976,0.0,0.076946847960445,0.0062108385529683,0.0788088735674372,0.087108,-0.087108,-0.6184,-79.64,79.64,Brain_spinal_cord
Brain_spinal_cord,BS_M54,BS_M17,Telencephalon,GABAergic cortical interneurons,Developmental progression,257.0,216.0,237,198,430409,0.0,0.1093734411646474,0.3223005968529571,0.302681867711874,0.0334671402664523,0.1829402642024229,603448,0.0,0.0686051464367104,0.38801261829653,0.1756539088703583,0.0230832494412741,0.1519317262498985,0.040768,-0.040768,-0.2424,-37.27,37.27,Brain_spinal_cord
Brain_spinal_cord,BS_M48,BS_M18,Spinal V1 interneurons,GABAergic neurons (after E13.0),Developmental progression,250.0,217.0,230,199,31325,0.0,0.1588917323974511,0.4483438485804416,0.3640542697525937,0.0494754269688759,0.222430723976873,292004,0.0,0.0665618987890793,0.3402996845425867,0.1962541609019054,0.0197554239789605,0.1405539895519174,0.09233,-0.09233,-0.4963,-58.11,58.11,Brain_spinal_cord
Brain_spinal_cord,BS_M31,BS_M40,NMPs and spinal cord progenitors,Spinal cord/r7/r8,Developmental progression,232.0,242.0,212,222,53734,0.3025863628142521,0.2860191864505046,0.6066196418882257,0.7103323780101984,0.0509524869050377,0.2257265755400495,395636,0.2801591607885694,0.2003485609844605,0.5545306565382528,0.5359269631681647,0.045215830352988,0.2126401428540434,0.085671,-0.085671,-0.3907,-29.95,29.95,Brain_spinal_cord
Brain_spinal_cord,BS_M56,BS_M53,Upper-layer neurons,Subplate neurons,Developmental progression,259.0,256.0,239,236,238829,0.0,0.0186351884516241,0.0,0.0503707673691218,0.00678095879709,0.082346577324683,103397,0.0,0.0298443689629836,0.0,0.0905538845421047,0.0093228159353381,0.0965547302587403,0.011209,0.011209,0.1249,60.15,60.15,Brain_spinal_cord
Brain_spinal_cord,BS_M54,BS_M3,Telencephalon,Astrocytes,Developmental progression,257.0,230.0,237,210,430409,0.0,0.1093734411646474,0.3223005968529571,0.302681867711874,0.0334671402664523,0.1829402642024229,109750,0.2745523602821487,0.2187713901149087,0.506800506420692,0.6340501138952164,0.0371565125437079,0.1927602462742458,0.109398,0.109398,0.5822,100.02,100.02,Brain_spinal_cord
Brain_spinal_cord,BS_M42,BS_M19,Spinal dI2 interneurons,Glutamatergic neurons (after E13.0),Developmental progression,244.0,218.0,224,200,21843,0.0,0.0751345889529104,0.3876182965299685,0.1937004990157029,0.0240428619095095,0.1550576083573763,570526,0.0,0.0596380055049316,0.3272870662460567,0.1757833998801106,0.0180647625616808,0.1344052177621122,0.015497,-0.015497,-0.1068,-20.63,20.63,Brain_spinal_cord
Brain_spinal_cord,BS_M26,BS_M19,Midbrain dopaminergic neurons,Glutamatergic neurons (after E13.0),Developmental progression,226.0,218.0,206,200,5495,0.0,0.0951567671212429,0.4128548895899053,0.2362147406733394,0.0298703446120702,0.1728303926167796,570526,0.0,0.0596380055049316,0.3272870662460567,0.1757833998801106,0.0180647625616808,0.1344052177621122,0.035519,-0.035519,-0.2294,-37.33,37.33,Brain_spinal_cord
Brain_spinal_cord,BS_M48,BS_M46,Spinal V1 interneurons,Spinal dI6 interneurons,Developmental progression,250.0,248.0,230,228,31325,0.0,0.1588917323974511,0.4483438485804416,0.3640542697525937,0.0494754269688759,0.222430723976873,10964,0.0,0.0998397609267841,0.3998422712933753,0.2604888726742065,0.0290562360616484,0.1704588984525255,0.059052,-0.059052,-0.298,-37.16,37.16,Brain_spinal_cord
Brain_spinal_cord,BS_M40,BS_M29,Spinal cord/r7/r8,Neural progenitor cells (Neurod1+),Developmental progression,242.0,229.0,222,209,395636,0.2801591607885694,0.2003485609844605,0.5545306565382528,0.5359269631681647,0.045215830352988,0.2126401428540434,23270,0.0,0.1503472140449742,0.3239283776451438,0.4369144821658788,0.0349463641262894,0.1869394664758873,0.050001,-0.050001,-0.2498,-24.96,24.96,Brain_spinal_cord
Brain_spinal_cord,BS_M46,BS_M18,Spinal dI6 interneurons,GABAergic neurons (after E13.0),Developmental progression,248.0,217.0,228,199,10964,0.0,0.0998397609267841,0.3998422712933753,0.2604888726742065,0.0290562360616484,0.1704588984525255,292004,0.0,0.0665618987890793,0.3402996845425867,0.1962541609019054,0.0197554239789605,0.1405539895519174,0.033278,-0.033278,-0.213,-33.33,33.33,Brain_spinal_cord
Brain_spinal_cord,BS_M50,BS_M18,Spinal V2b interneurons,GABAergic neurons (after E13.0),Developmental progression,253.0,217.0,233,199,8575,0.0,0.0985949269297624,0.4160094637223974,0.2439650145772594,0.030747606637728,0.1753499547696776,292004,0.0,0.0665618987890793,0.3402996845425867,0.1962541609019054,0.0197554239789605,0.1405539895519174,0.032033,-0.032033,-0.2016,-32.49,32.49,Brain_spinal_cord
Brain_spinal_cord,BS_M24,BS_M11,Intermediate neuronal progenitors,Deep-layer neurons,Developmental progression,224.0,210.0,205,192,42068,0.0,0.0222655770287976,0.0,0.076946847960445,0.0062108385529683,0.0788088735674372,236402,0.0,0.0369367331357213,0.2235410094637201,0.1029094508506696,0.0124167702699905,0.1114305625490175,0.014671,0.014671,0.152,65.89,65.89,Brain_spinal_cord
Brain_spinal_cord,BS_M40,BS_M48,Spinal cord/r7/r8,Spinal V1 interneurons,Developmental progression,242.0,250.0,222,230,395636,0.2801591607885694,0.2003485609844605,0.5545306565382528,0.5359269631681647,0.045215830352988,0.2126401428540434,31325,0.0,0.1588917323974511,0.4483438485804416,0.3640542697525937,0.0494754269688759,0.222430723976873,0.041457,-0.041457,-0.1905,-20.69,20.69,Brain_spinal_cord
Brain_spinal_cord,BS_M24,BS_M56,Intermediate neuronal progenitors,Upper-layer neurons,Developmental progression,224.0,259.0,205,239,42068,0.0,0.0222655770287976,0.0,0.076946847960445,0.0062108385529683,0.0788088735674372,238829,0.0,0.0186351884516241,0.0,0.0503707673691218,0.00678095879709,0.082346577324683,0.00363,-0.00363,-0.045,-16.3,16.3,Brain_spinal_cord
Brain_spinal_cord,BS_M43,BS_M19,Spinal dI3 interneurons,Glutamatergic neurons (after E13.0),Developmental progression,245.0,218.0,225,200,5430,0.0,0.0919675276388332,0.3919558359621451,0.2434622467771639,0.026976716736053,0.1642459032550066,570526,0.0,0.0596380055049316,0.3272870662460567,0.1757833998801106,0.0180647625616808,0.1344052177621122,0.03233,-0.03233,-0.2154,-35.15,35.15,Brain_spinal_cord
Brain_spinal_cord,BS_M42,BS_M47,Spinal dI2 interneurons,Spinal V0 interneurons,Developmental progression,244.0,249.0,224,229,21843,0.0,0.0751345889529104,0.3876182965299685,0.1937004990157029,0.0240428619095095,0.1550576083573763,9397,0.0,0.1139799298319585,0.4152208201892744,0.2900925827391721,0.0327167303218624,0.1808776667304794,0.038845,0.038845,0.2306,51.7,51.7,Brain_spinal_cord
Brain_spinal_cord,BS_M20,BS_M3,Hindbrain,Astrocytes,Developmental progression,220.0,230.0,34,210,197367,0.2676795080484717,0.1944043477067215,0.5523602821486706,0.5204365471431395,0.0454577152440473,0.2132081500413323,109750,0.2745523602821487,0.2187713901149087,0.506800506420692,0.6340501138952164,0.0371565125437079,0.1927602462742458,0.024367,0.024367,0.1199,12.53,12.53,Brain_spinal_cord
Brain_spinal_cord,BS_M40,BS_M3,Spinal cord/r7/r8,Astrocytes,Developmental progression,242.0,230.0,222,210,395636,0.2801591607885694,0.2003485609844605,0.5545306565382528,0.5359269631681647,0.045215830352988,0.2126401428540434,109750,0.2745523602821487,0.2187713901149087,0.506800506420692,0.6340501138952164,0.0371565125437079,0.1927602462742458,0.018423,0.018423,0.0908,9.2,9.2,Brain_spinal_cord
Brain_spinal_cord,BS_M49,BS_M19,Spinal V2a interneurons,Glutamatergic neurons (after E13.0),Developmental progression,251.0,218.0,231,200,11065,0.0,0.126678959004791,0.4286277602523659,0.309263443289652,0.0377528422711689,0.194300906511444,570526,0.0,0.0596380055049316,0.3272870662460567,0.1757833998801106,0.0180647625616808,0.1344052177621122,0.067041,-0.067041,-0.4013,-52.92,52.92,Brain_spinal_cord
Brain_spinal_cord,BS_M47,BS_M19,Spinal V0 interneurons,Glutamatergic neurons (after E13.0),Developmental progression,249.0,218.0,229,200,9397,0.0,0.1139799298319585,0.4152208201892744,0.2900925827391721,0.0327167303218624,0.1808776667304794,570526,0.0,0.0596380055049316,0.3272870662460567,0.1757833998801106,0.0180647625616808,0.1344052177621122,0.054342,-0.054342,-0.341,-47.68,47.68,Brain_spinal_cord
Brain_spinal_cord,BS_M3,BS_M28,Astrocytes,Multiciliated ependymal cells,Developmental progression,230.0,228.0,210,208,109750,0.2745523602821487,0.2187713901149087,0.506800506420692,0.6340501138952164,0.0371565125437079,0.1927602462742458,10452,0.0,0.1327805232778467,0.3172183034906854,0.4428817451205511,0.0260973117280394,0.1615466240069392,0.085991,-0.085991,-0.4835,-39.31,39.31,Brain_spinal_cord
Brain_spinal_cord,BS_M40,BS_M45,Spinal cord/r7/r8,Spinal dI5 interneurons,Developmental progression,242.0,247.0,222,227,395636,0.2801591607885694,0.2003485609844605,0.5545306565382528,0.5359269631681647,0.045215830352988,0.2126401428540434,39157,0.0,0.0908732471376854,0.4081230283911672,0.2273922925658247,0.0287575125211499,0.1695804013474136,0.109475,-0.109475,-0.5692,-54.64,54.64,Brain_spinal_cord
Brain_spinal_cord,BS_M40,BS_M44,Spinal cord/r7/r8,Spinal dI4 interneurons,Developmental progression,242.0,246.0,222,226,395636,0.2801591607885694,0.2003485609844605,0.5545306565382528,0.5359269631681647,0.045215830352988,0.2126401428540434,38632,0.0,0.0685788652515395,0.3876182965299685,0.1727324497825637,0.023075199587104,0.1519052322571674,0.13177,-0.13177,-0.7131,-65.77,65.77,Brain_spinal_cord
Brain_spinal_cord,BS_M51,BS_M19,Spinal V3 interneurons,Glutamatergic neurons (after E13.0),Developmental progression,254.0,218.0,234,200,4440,0.0,0.1929354235939409,0.4578470031545741,0.4797297297297297,0.0425531001964398,0.2062840279722106,570526,0.0,0.0596380055049316,0.3272870662460567,0.1757833998801106,0.0180647625616808,0.1344052177621122,0.133297,-0.133297,-0.7657,-69.09,69.09,Brain_spinal_cord
Brain_spinal_cord,BS_M33,BS_M8,Oligodendrocyte progenitor cells,Committed oligodendrocyte precursors,Developmental progression,234.0,262.0,214,242,29522,0.0,0.0846382603363418,0.2807017543859649,0.3132917823995664,0.0171257767584788,0.1308654910909625,1865,0.0,0.0964004078907364,0.2915536263338759,0.3152815013404825,0.0234708811585121,0.1532020925395998,0.011762,0.011762,0.0826,13.9,13.9,Brain_spinal_cord
Brain_spinal_cord,BS_M3,BS_M33,Astrocytes,Oligodendrocyte progenitor cells,Developmental progression,230.0,234.0,210,214,109750,0.2745523602821487,0.2187713901149087,0.506800506420692,0.6340501138952164,0.0371565125437079,0.1927602462742458,29522,0.0,0.0846382603363418,0.2807017543859649,0.3132917823995664,0.0171257767584788,0.1308654910909625,0.134133,-0.134133,-0.8142,-61.31,61.31,Brain_spinal_cord
Brain_spinal_cord,BS_M20,BS_M6,Hindbrain,Cerebellum-related cells,Developmental progression,220.0,260.0,34,240,197367,0.2676795080484717,0.1944043477067215,0.5523602821486706,0.5204365471431395,0.0454577152440473,0.2132081500413323,9252,0.2566467715680954,0.2216068879281877,0.5706095134744076,0.5837656722870731,0.0509024617685315,0.2256157391861913,0.027203,0.027203,0.1239,13.99,13.99,Brain_spinal_cord
Brain_spinal_cord,BS_M40,BS_M38,Spinal cord/r7/r8,Spinal cord motor neurons,Developmental progression,242.0,239.0,222,219,395636,0.2801591607885694,0.2003485609844605,0.5545306565382528,0.5359269631681647,0.045215830352988,0.2126401428540434,31680,0.0,0.1290572822069273,0.419558359621451,0.330239898989899,0.037072849820357,0.1925431115889556,0.071291,-0.071291,-0.3515,-35.58,35.58,Brain_spinal_cord
Brain_spinal_cord,BS_M45,BS_M43,Spinal dI5 interneurons,Spinal dI3 interneurons,Developmental progression,247.0,245.0,227,225,39157,0.0,0.0908732471376854,0.4081230283911672,0.2273922925658247,0.0287575125211499,0.1695804013474136,5430,0.0,0.0919675276388332,0.3919558359621451,0.2434622467771639,0.026976716736053,0.1642459032550066,0.001094,0.001094,0.0066,1.2,1.2,Brain_spinal_cord
Brain_spinal_cord,BS_M20,BS_M41,Hindbrain,Spinal dI1 interneurons,Developmental progression,220.0,243.0,34,223,197367,0.2676795080484717,0.1944043477067215,0.5523602821486706,0.5204365471431395,0.0454577152440473,0.2132081500413323,35714,0.0,0.0653231093356633,0.3801261829652996,0.1675253402027216,0.0216249625990527,0.1470542845314365,0.129081,-0.129081,-0.7048,-66.4,66.4,Brain_spinal_cord
Brain_spinal_cord,BS_M42,BS_M5,Spinal dI2 interneurons,Cerebellar Purkinje cells,Developmental progression,244.0,252.0,224,232,21843,0.0,0.0751345889529104,0.3876182965299685,0.1937004990157029,0.0240428619095095,0.1550576083573763,26737,0.0,0.031021598872637,0.2123349611141255,0.1260799640947002,0.0069239282954644,0.0832101453878335,0.044113,-0.044113,-0.3545,-58.71,58.71,Brain_spinal_cord
Brain_spinal_cord,BS_M25,BS_M13,Midbrain,Di/mesencephalon glutamatergic neurons,Developmental progression,225.0,212.0,37,194,145124,0.0,0.1111955629150967,0.3219388677880267,0.3047669579118547,0.0340947598805358,0.1846476641621436,30999,0.0,0.0629731950242009,0.3769716088328075,0.1607471208748669,0.0214042004808575,0.1463017446268413,0.048222,-0.048222,-0.2895,-43.37,43.37,Brain_spinal_cord
Brain_spinal_cord,BS_M20,BS_M30,Hindbrain,Neural progenitor cells (Ror1+),Developmental progression,220.0,231.0,34,211,197367,0.2676795080484717,0.1944043477067215,0.5523602821486706,0.5204365471431395,0.0454577152440473,0.2132081500413323,33240,0.0,0.0922267155414433,0.297522155905227,0.3057761732851985,0.0221490556764373,0.1488255881105037,0.102178,-0.102178,-0.5557,-52.56,52.56,Brain_spinal_cord
Brain_spinal_cord,BS_M52,BS_M19,Striatal projection neurons,Glutamatergic neurons (after E13.0),Developmental progression,255.0,218.0,235,200,6235,0.0,0.0600005944867049,0.3438485804416403,0.1666399358460304,0.0189147024840694,0.1375307328711273,570526,0.0,0.0596380055049316,0.3272870662460567,0.1757833998801106,0.0180647625616808,0.1344052177621122,0.000363,-0.000363,-0.0027,-0.6,0.6,Brain_spinal_cord
Brain_spinal_cord,BS_M15,BS_M7,Dorsal telencephalon,Choroid plexus,Developmental progression,214.0,261.0,196,241,30144,0.0,0.0750209448616616,0.2977030204376921,0.2468816348195329,0.0184601839416799,0.1358682595078037,9441,0.0,0.090335119315514,0.2825103997106167,0.3430780637644317,0.0174624798590944,0.1321456766568411,0.015314,0.015314,0.1143,20.41,20.41,Brain_spinal_cord
Brain_spinal_cord,BS_M40,BS_M42,Spinal cord/r7/r8,Spinal dI2 interneurons,Developmental progression,242.0,244.0,222,224,395636,0.2801591607885694,0.2003485609844605,0.5545306565382528,0.5359269631681647,0.045215830352988,0.2126401428540434,21843,0.0,0.0751345889529104,0.3876182965299685,0.1937004990157029,0.0240428619095095,0.1550576083573763,0.125214,-0.125214,-0.6729,-62.5,62.5,Brain_spinal_cord
Brain_spinal_cord,BS_M54,BS_M4,Telencephalon,Cajal-Retzius cells,Developmental progression,257.0,241.0,237,221,430409,0.0,0.1093734411646474,0.3223005968529571,0.302681867711874,0.0334671402664523,0.1829402642024229,81803,0.0,0.0355346151882381,0.2273105444022432,0.1419263352199797,0.008067572240341,0.0898196651092677,0.073839,-0.073839,-0.5124,-67.51,67.51,Brain_spinal_cord
Brain_spinal_cord,BS_M25,BS_M12,Midbrain,Di/mesencephalon GABAergic neurons,Developmental progression,225.0,211.0,37,193,145124,0.0,0.1111955629150967,0.3219388677880267,0.3047669579118547,0.0340947598805358,0.1846476641621436,15589,0.0,0.1038728119176488,0.4203470031545742,0.2528064660978895,0.0328373783635145,0.1812108671231239,0.007323,-0.007323,-0.04,-6.59,6.59,Brain_spinal_cord
Brain_spinal_cord,BS_M14,BS_M55,Diencephalon,Thalamic neuronal precursors,Developmental progression,213.0,258.0,195,238,78021,0.2673177789835413,0.1987020069208009,0.5737022969795623,0.5265761782084311,0.0466816276230748,0.2160593150574045,81788,0.0,0.0449708244819441,0.2360824742268046,0.1883650413263559,0.0093420852227317,0.0966544630254169,0.153731,-0.153731,-0.9185,-77.37,77.37,Brain_spinal_cord
Brain_spinal_cord,BS_M2,BS_M7,Anterior roof plate,Choroid plexus,Developmental progression,219.0,261.0,201,241,16098,0.0,0.0683586702095352,0.2902875746066197,0.2271710771524413,0.0171861235703433,0.1310958564194281,9441,0.0,0.090335119315514,0.2825103997106167,0.3430780637644317,0.0174624798590944,0.1321456766568411,0.021976,0.021976,0.167,32.15,32.15,Brain_spinal_cord
Brain_spinal_cord,BS_M24,BS_M9,Intermediate neuronal progenitors,Cortical Interneurons (Prox1+),Developmental progression,224.0,263.0,205,243,42068,0.0,0.0222655770287976,0.0,0.076946847960445,0.0062108385529683,0.0788088735674372,7555,0.0,0.03421632528649,0.0,0.0943745863666446,0.0117589416229698,0.1084386537308989,0.011951,0.011951,0.1261,53.67,53.67,Brain_spinal_cord
Brain_spinal_cord,BS_M34,BS_M10,Floorplate and p3 domain,Cranial motor neurons,Developmental progression,235.0,209.0,215,191,44992,0.3047567372038343,0.2578311022098147,0.6008319768493399,0.6822546230440967,0.0452450328957174,0.2127087983505087,23754,0.0,0.1513655578246957,0.4424290220820189,0.3805674833712217,0.0426995447477804,0.2066386816348294,0.106466,-0.106466,-0.5077,-41.29,41.29,Brain_spinal_cord
Brain_spinal_cord,BS_M25,BS_M52,Midbrain,Striatal projection neurons,Developmental progression,225.0,255.0,37,235,145124,0.0,0.1111955629150967,0.3219388677880267,0.3047669579118547,0.0340947598805358,0.1846476641621436,6235,0.0,0.0600005944867049,0.3438485804416403,0.1666399358460304,0.0189147024840694,0.1375307328711273,0.051195,-0.051195,-0.3145,-46.04,46.04,Brain_spinal_cord
Brain_spinal_cord,BS_M6,BS_M28,Cerebellum-related cells,Multiciliated ependymal cells,Developmental progression,260.0,228.0,240,208,9252,0.2566467715680954,0.2216068879281877,0.5706095134744076,0.5837656722870731,0.0509024617685315,0.2256157391861913,10452,0.0,0.1327805232778467,0.3172183034906854,0.4428817451205511,0.0260973117280394,0.1615466240069392,0.088826,-0.088826,-0.4527,-40.08,40.08,Brain_spinal_cord
Brain_spinal_cord,BS_M34,BS_M28,Floorplate and p3 domain,Multiciliated ependymal cells,Developmental progression,235.0,228.0,215,208,44992,0.3047567372038343,0.2578311022098147,0.6008319768493399,0.6822546230440967,0.0452450328957174,0.2127087983505087,10452,0.0,0.1327805232778467,0.3172183034906854,0.4428817451205511,0.0260973117280394,0.1615466240069392,0.125051,-0.125051,-0.6621,-48.5,48.5,Brain_spinal_cord
Brain_spinal_cord,BS_M23,BS_M21,Hypothalamus (Sim1+),Hypothalamic Sim1 neurons,Developmental progression,223.0,221.0,204,202,14611,0.2986073431000181,0.2415497264385263,0.5756918068366793,0.6625829854219424,0.0409451427936319,0.2023490617562431,19592,0.0,0.1155904988580931,0.4215299684542587,0.2837893017558187,0.0353261547380582,0.1879525332046849,0.125959,-0.125959,-0.645,-52.15,52.15,Brain_spinal_cord
Brain_spinal_cord,BS_M34,BS_M32,Floorplate and p3 domain,Neurons (Slc17a8+),Developmental progression,235.0,233.0,215,213,44992,0.3047567372038343,0.2578311022098147,0.6008319768493399,0.6822546230440967,0.0452450328957174,0.2127087983505087,1957,0.0,0.1419024403218084,0.4319400630914826,0.3490035769034236,0.0385981529675073,0.1964641264137229,0.115929,-0.115929,-0.5662,-44.96,44.96,Brain_spinal_cord
Brain_spinal_cord,BS_M40,BS_M49,Spinal cord/r7/r8,Spinal V2a interneurons,Developmental progression,242.0,251.0,222,231,395636,0.2801591607885694,0.2003485609844605,0.5545306565382528,0.5359269631681647,0.045215830352988,0.2126401428540434,11065,0.0,0.126678959004791,0.4286277602523659,0.309263443289652,0.0377528422711689,0.194300906511444,0.07367,-0.07367,-0.3617,-36.77,36.77,Brain_spinal_cord
Brain_spinal_cord,BS_M1,BS_M26,Anterior floor plate,Midbrain dopaminergic neurons,Developmental progression,208.0,226.0,190,206,16274,0.2675890757822391,0.1739209636885499,0.3262796165671912,0.5374831018802999,0.0295990169648572,0.1720436484292785,5495,0.0,0.0951567671212429,0.4128548895899053,0.2362147406733394,0.0298703446120702,0.1728303926167796,0.078764,-0.078764,-0.4568,-45.29,45.29,Brain_spinal_cord
Brain_spinal_cord,BS_M7,BS_M16,Choroid plexus,Ependymal cells,Developmental progression,261.0,215.0,241,197,9441,0.0,0.090335119315514,0.2825103997106167,0.3430780637644317,0.0174624798590944,0.1321456766568411,5895,0.0,0.0478373648942709,0.2267317778983542,0.2161153519932145,0.009125786593786,0.0955289830040391,0.042498,-0.042498,-0.3686,-47.04,47.04,Brain_spinal_cord
Brain_spinal_cord,BS_M21,BS_M36,Hypothalamic Sim1 neurons,Precerebellar neurons,Developmental progression,221.0,237.0,202,217,19592,0.0,0.1155904988580931,0.4215299684542587,0.2837893017558187,0.0353261547380582,0.1879525332046849,1286,0.0,0.0874845460209683,0.3931388012618296,0.2255054432348367,0.0266838220543128,0.163351835172773,0.028106,-0.028106,-0.1596,-24.32,24.32,Brain_spinal_cord
Brain_spinal_cord,BS_M47,BS_M36,Spinal V0 interneurons,Precerebellar neurons,Developmental progression,249.0,237.0,229,217,9397,0.0,0.1139799298319585,0.4152208201892744,0.2900925827391721,0.0327167303218624,0.1808776667304794,1286,0.0,0.0874845460209683,0.3931388012618296,0.2255054432348367,0.0266838220543128,0.163351835172773,0.026495,-0.026495,-0.1537,-23.25,23.25,Brain_spinal_cord
Brain_spinal_cord,BS_M40,BS_M51,Spinal cord/r7/r8,Spinal V3 interneurons,Developmental progression,242.0,254.0,222,234,395636,0.2801591607885694,0.2003485609844605,0.5545306565382528,0.5359269631681647,0.045215830352988,0.2126401428540434,4440,0.0,0.1929354235939409,0.4578470031545741,0.4797297297297297,0.0425531001964398,0.2062840279722106,0.007413,-0.007413,-0.0354,-3.7,3.7,Brain_spinal_cord
Brain_spinal_cord,BS_M40,BS_M50,Spinal cord/r7/r8,Spinal V2b interneurons,Developmental progression,242.0,253.0,222,233,395636,0.2801591607885694,0.2003485609844605,0.5545306565382528,0.5359269631681647,0.045215830352988,0.2126401428540434,8575,0.0,0.0985949269297624,0.4160094637223974,0.2439650145772594,0.030747606637728,0.1753499547696776,0.101754,-0.101754,-0.5221,-50.79,50.79,Brain_spinal_cord
Brain_spinal_cord,BS_M54,BS_M33,Telencephalon,Oligodendrocyte progenitor cells,Developmental progression,257.0,234.0,237,214,430409,0.0,0.1093734411646474,0.3223005968529571,0.302681867711874,0.0334671402664523,0.1829402642024229,29522,0.0,0.0846382603363418,0.2807017543859649,0.3132917823995664,0.0171257767584788,0.1308654910909625,0.024735,-0.024735,-0.1555,-22.62,22.62,Brain_spinal_cord
Brain_spinal_cord,BS_M20,BS_M33,Hindbrain,Oligodendrocyte progenitor cells,Developmental progression,220.0,234.0,34,214,197367,0.2676795080484717,0.1944043477067215,0.5523602821486706,0.5204365471431395,0.0454577152440473,0.2132081500413323,29522,0.0,0.0846382603363418,0.2807017543859649,0.3132917823995664,0.0171257767584788,0.1308654910909625,0.109766,-0.109766,-0.6205,-56.46,56.46,Brain_spinal_cord
Endothelium,En_M5,En_M12,Endothelium,Venous and capillary endothelial cells,Developmental progression,60.0,56.0,27,50,90215,0.0,0.0285445559065688,0.1409555555555562,0.1915202571634429,0.0049264824625313,0.0701889055515991,59523,0.0,0.0190406602863132,0.0595333333333336,0.1164423836164171,0.0035983151699151,0.0599859581061693,0.009504,-0.009504,-0.1456,-33.29,33.29,Endothelium
Endothelium,En_M5,En_M2,Endothelium,Brain capillary endothelial cells,Developmental progression,60.0,57.0,27,51,90215,0.0,0.0285445559065688,0.1409555555555562,0.1915202571634429,0.0049264824625313,0.0701889055515991,15179,0.0,0.0187198468644545,0.0690444444444445,0.1305751367020225,0.0032837361644394,0.0573038931002021,0.009825,-0.009825,-0.1533,-34.42,34.42,Endothelium
Endothelium,En_M5,En_M11,Endothelium,Pericytes,Developmental progression,60.0,55.0,27,49,90215,0.0,0.0285445559065688,0.1409555555555562,0.1915202571634429,0.0049264824625313,0.0701889055515991,14055,0.0,0.0609145183604095,0.2495555555555555,0.2839558875844895,0.0148868160711535,0.122011540729365,0.03237,0.03237,0.3252,113.4,113.4,Endothelium
Endothelium,En_M5,En_M8,Endothelium,Liver sinusoidal endothelial cells,Developmental progression,60.0,63.0,27,55,90215,0.0,0.0285445559065688,0.1409555555555562,0.1915202571634429,0.0049264824625313,0.0701889055515991,30802,0.0,0.018327244262638,0.0472111111111113,0.1136614505551587,0.0035644572544721,0.0597030757538679,0.010217,-0.010217,-0.1568,-35.79,35.79,Endothelium
Endothelium,En_M2,En_M3,Brain capillary endothelial cells,Brain pericytes,Developmental progression,57.0,58.0,51,52,15179,0.0,0.0187198468644545,0.0690444444444445,0.1305751367020225,0.0032837361644394,0.0573038931002021,3617,0.0,0.0159403434399287,0.0290444444444444,0.1150124412496544,0.002878944257766,0.053655794260881,0.00278,-0.00278,-0.0501,-14.85,14.85,Endothelium
Endothelium,En_M5,En_M4,Endothelium,Endocardial cells,Developmental progression,60.0,59.0,27,53,90215,0.0,0.0285445559065688,0.1409555555555562,0.1915202571634429,0.0049264824625313,0.0701889055515991,14071,0.0,0.0284576868105401,0.1388888888888888,0.1832137019401606,0.0051241905930075,0.0715834519495078,8.7e-05,-8.7e-05,-0.0012,-0.3,0.3,Endothelium
Endothelium,En_M5,En_M10,Endothelium,Microvascular endothelial cells,Developmental progression,60.0,54.0,27,48,90215,0.0,0.0285445559065688,0.1409555555555562,0.1915202571634429,0.0049264824625313,0.0701889055515991,5624,0.0,0.0209879089615931,0.0809333333333331,0.1274893314366998,0.0039849634007648,0.0631265665212737,0.007557,-0.007557,-0.1132,-26.47,26.47,Endothelium
Endothelium,En_M5,En_M6,Endothelium,Glomerular endothelial cells,Developmental progression,60.0,61.0,27,54,90215,0.0,0.0285445559065688,0.1409555555555562,0.1915202571634429,0.0049264824625313,0.0701889055515991,17038,0.0,0.0355606357031993,0.1779555555555557,0.1689752318347223,0.0089062392478991,0.0943728734748449,0.007016,0.007016,0.0844,24.58,24.58,Endothelium
Endothelium,En_M5,En_M9,Endothelium,Lymphatic vessel endothelial cells,Developmental progression,60.0,64.0,27,56,90215,0.0,0.0285445559065688,0.1409555555555562,0.1915202571634429,0.0049264824625313,0.0701889055515991,25269,0.0,0.0386245817228839,0.1945555555555556,0.2194388381020222,0.0069543606561586,0.083392809379218,0.01008,0.01008,0.1308,35.31,35.31,Endothelium
Epithelial_cells,Ep_M21,Ep_M14,Placodal area,Olfactory epithelial cells,Developmental progression,78.0,70.0,69,61,60938,0.0,0.1163387468501682,0.3268888888888889,0.4584167514522957,0.0242333806925765,0.1556707444980478,33331,0.0,0.0292890835691831,0.1353333333333333,0.1760823257628034,0.0059706450510449,0.0772699492108342,0.08705,-0.08705,-0.7084,-74.82,74.82,Epithelial_cells
Epithelial_cells,Ep_M22,Ep_M3,Pre-epidermal keratinocytes,Basal keratinocytes,Developmental progression,79.0,84.0,70,74,114402,0.0,0.068327674924098,0.273,0.3177129770458558,0.0155268432035102,0.1246067542451459,19591,0.0991111111111111,0.1667341296173413,0.4439999999999999,0.5406053800214384,0.0353217734021224,0.1879408774112816,0.098406,0.098406,0.6172,144.02,144.02,Epithelial_cells
Epithelial_cells,Ep_M21,Ep_M5,Placodal area,Branchial arch epithelium,Developmental progression,78.0,86.0,69,76,60938,0.0,0.1163387468501682,0.3268888888888889,0.4584167514522957,0.0242333806925765,0.1556707444980478,41134,0.0,0.0656113704261951,0.2833333333333333,0.287183351971605,0.0148550024462279,0.1218810996267587,0.050727,-0.050727,-0.3629,-43.6,43.6,Epithelial_cells
Epithelial_cells,Ep_M22,Ep_M10,Pre-epidermal keratinocytes,Granular keratinocytes,Developmental progression,79.0,66.0,70,57,114402,0.0,0.068327674924098,0.273,0.3177129770458558,0.0155268432035102,0.1246067542451459,41185,0.0,0.0282803097136228,0.1303333333333333,0.1569989073691878,0.0061822177049651,0.0786270799722659,0.040047,-0.040047,-0.3844,-58.61,58.61,Epithelial_cells
Epithelial_cells,Ep_M21,Ep_M15,Placodal area,Olfactory pit cells,Developmental progression,78.0,71.0,69,62,60938,0.0,0.1163387468501682,0.3268888888888889,0.4584167514522957,0.0242333806925765,0.1556707444980478,2081,0.0,0.0616816701372203,0.2382222222222222,0.3527150408457472,0.0122007199018056,0.1104568689661516,0.054657,-0.054657,-0.405,-46.98,46.98,Epithelial_cells
Epithelial_cells,Ep_M22,Ep_M2,Pre-epidermal keratinocytes,Apical ectodermal ridge,Developmental progression,79.0,76.0,70,67,114402,0.0,0.068327674924098,0.273,0.3177129770458558,0.0155268432035102,0.1246067542451459,6330,0.0,0.0486001404247849,0.2301222222222223,0.2581358609794629,0.0094687641267024,0.0973075748680563,0.019728,-0.019728,-0.1765,-28.87,28.87,Epithelial_cells
Epithelial_cells,Ep_M20,Ep_M19,Pituitary/Pineal gland progenitors,Pituitary gland cells,Developmental progression,77.0,75.0,68,66,2797,0.0296666666666666,0.1224285544035275,0.3185333333333333,0.5205577404361816,0.0230389318550125,0.1517858091358098,4964,0.0,0.0420872504252842,0.202011111111111,0.2375100725221595,0.0081059070332325,0.0900328108704404,0.080341,-0.080341,-0.6438,-65.62,65.62,Epithelial_cells
Epithelial_cells,Ep_M5,Ep_M9,Branchial arch epithelium,Dental epithelial cells,Developmental progression,86.0,90.0,76,80,41134,0.0,0.0656113704261951,0.2833333333333333,0.287183351971605,0.0148550024462279,0.1218810996267587,9903,0.1428888888888888,0.1576061687255265,0.3301111111111111,0.5870948197515904,0.0258799175377415,0.1608723641205707,0.091995,0.091995,0.6446,140.21,140.21,Epithelial_cells
Epithelial_cells,Ep_M5,Ep_M26,Branchial arch epithelium,Tooth junctional epithelium,Developmental progression,86.0,83.0,76,73,41134,0.0,0.0656113704261951,0.2833333333333333,0.287183351971605,0.0148550024462279,0.1218810996267587,2918,0.0,0.0069894524407889,0.0,0.0448937628512679,0.0013783792442977,0.0371265301946963,0.058622,-0.058622,-0.6507,-89.35,89.35,Epithelial_cells
Epithelial_cells,Ep_M21,Ep_M20,Placodal area,Pituitary/Pineal gland progenitors,Developmental progression,78.0,77.0,69,68,60938,0.0,0.1163387468501682,0.3268888888888889,0.4584167514522957,0.0242333806925765,0.1556707444980478,2797,0.0296666666666666,0.1224285544035275,0.3185333333333333,0.5205577404361816,0.0230389318550125,0.1517858091358098,0.00609,0.00609,0.0396,5.23,5.23,Epithelial_cells
Epithelial_cells,Ep_M14,Ep_M13,Olfactory epithelial cells,Olfactory bulb cells,Developmental progression,70.0,69.0,61,60,33331,0.0,0.0292890835691831,0.1353333333333333,0.1760823257628034,0.0059706450510449,0.0772699492108342,5888,0.0,0.0143109148550724,0.0,0.0957880434782608,0.0026895898103618,0.051861255387445,0.014978,-0.014978,-0.2276,-51.14,51.14,Epithelial_cells
Epithelial_cells,Ep_M21,Ep_M16,Placodal area,Otic epithelial cells,Developmental progression,78.0,72.0,69,63,60938,0.0,0.1163387468501682,0.3268888888888889,0.4584167514522957,0.0242333806925765,0.1556707444980478,29337,0.0,0.0504007605109967,0.2209999999999999,0.2798513822135869,0.0097001667791756,0.0984894247073034,0.065938,-0.065938,-0.5062,-56.68,56.68,Epithelial_cells
Epithelial_cells,Ep_M10,Ep_M7,Granular keratinocytes,Conjunctival goblet cells,Developmental progression,66.0,88.0,57,78,41185,0.0,0.0282803097136228,0.1303333333333333,0.1569989073691878,0.0061822177049651,0.0786270799722659,1244,0.0,0.0138035012504465,0.0,0.0787781350482315,0.0029868013996877,0.0546516367521385,0.014477,-0.014477,-0.2138,-51.19,51.19,Epithelial_cells
Epithelial_cells,Ep_M10,Ep_M4,Granular keratinocytes,Bladder urothelial cells,Developmental progression,66.0,85.0,57,75,41185,0.0,0.0282803097136228,0.1303333333333333,0.1569989073691878,0.0061822177049651,0.0786270799722659,1313,0.0,0.0172443936701362,0.0026222222222221,0.102056359482102,0.0041498083758631,0.0644190063247105,0.011036,-0.011036,-0.1535,-39.02,39.02,Epithelial_cells
Epithelial_cells,Ep_M10,Ep_M8,Granular keratinocytes,Corneal epithelial cells,Developmental progression,66.0,89.0,57,79,41185,0.0,0.0282803097136228,0.1303333333333333,0.1569989073691878,0.0061822177049651,0.0786270799722659,1078,0.0,0.011776540919398,0.0,0.072356215213358,0.0025417698896846,0.0504159685980999,0.016504,-0.016504,-0.2499,-58.36,58.36,Epithelial_cells
Epithelial_cells,Ep_M21,Ep_M25,Placodal area,Thyroid gland cells,Developmental progression,78.0,82.0,69,72,60938,0.0,0.1163387468501682,0.3268888888888889,0.4584167514522957,0.0242333806925765,0.1556707444980478,1578,0.0,0.038178143923391,0.2006555555555555,0.1989860583016476,0.0077977624154541,0.0883049399266773,0.078161,-0.078161,-0.6176,-67.18,67.18,Epithelial_cells
Epithelial_cells,Ep_M21,Ep_M24,Placodal area,Thymic epithelial cells,Developmental progression,78.0,81.0,69,71,60938,0.0,0.1163387468501682,0.3268888888888889,0.4584167514522957,0.0242333806925765,0.1556707444980478,1937,0.0,0.0362581311306143,0.184888888888889,0.1961796592669075,0.0071018115988751,0.0842722469077163,0.080081,-0.080081,-0.6398,-68.83,68.83,Epithelial_cells
Epithelial_cells,Ep_M21,Ep_M17,Placodal area,Parathyroid epithelial cells,Developmental progression,78.0,73.0,69,64,60938,0.0,0.1163387468501682,0.3268888888888889,0.4584167514522957,0.0242333806925765,0.1556707444980478,433,0.0,0.0772016936104696,0.2894222222222222,0.348729792147806,0.014892002892644,0.1220327943326874,0.039137,-0.039137,-0.2798,-33.64,33.64,Epithelial_cells
Epithelial_cells,Ep_M24,Ep_M5,Thymic epithelial cells,Branchial arch epithelium,Developmental progression,81.0,86.0,71,76,1937,0.0,0.0362581311306143,0.184888888888889,0.1961796592669075,0.0071018115988751,0.0842722469077163,41134,0.0,0.0656113704261951,0.2833333333333333,0.287183351971605,0.0148550024462279,0.1218810996267587,0.029353,0.029353,0.2801,80.96,80.96,Epithelial_cells
Epithelial_cells,Ep_M16,Ep_M6,Otic epithelial cells,Cochlear hair cells,Developmental progression,72.0,87.0,63,77,29337,0.0,0.0504007605109967,0.2209999999999999,0.2798513822135869,0.0097001667791756,0.0984894247073034,574,0.0,0.0121587301587301,0.0,0.0905923344947735,0.0020306817178684,0.0450630859780863,0.038242,-0.038242,-0.4993,-75.88,75.88,Epithelial_cells
Epithelial_cells,Ep_M21,Ep_M12,Placodal area,Nonsensory cochlear epithelium,Developmental progression,78.0,68.0,69,59,60938,0.0,0.1163387468501682,0.3268888888888889,0.4584167514522957,0.0242333806925765,0.1556707444980478,51,0.0,0.0216993464052287,0.13,0.1176470588235294,0.0038339863180827,0.0619191918397091,0.094639,-0.094639,-0.7989,-81.35,81.35,Epithelial_cells
Epithelial_cells,Ep_M5,Ep_M17,Branchial arch epithelium,Parathyroid epithelial cells,Developmental progression,86.0,73.0,76,64,41134,0.0,0.0656113704261951,0.2833333333333333,0.287183351971605,0.0148550024462279,0.1218810996267587,433,0.0,0.0772016936104696,0.2894222222222222,0.348729792147806,0.014892002892644,0.1220327943326874,0.01159,0.01159,0.095,17.67,17.67,Epithelial_cells
Epithelial_cells,Ep_M15,Ep_M11,Olfactory pit cells,Lens epithelial cells,Developmental progression,71.0,67.0,62,58,2081,0.0,0.0616816701372203,0.2382222222222222,0.3527150408457472,0.0122007199018056,0.1104568689661516,1605,0.0,0.0369815853236413,0.1872444444444446,0.2180685358255451,0.0066989684270439,0.0818472261414148,0.0247,-0.0247,-0.2541,-40.04,40.04,Epithelial_cells
Epithelial_cells,Ep_M20,Ep_M18,Pituitary/Pineal gland progenitors,Pineal gland,Developmental progression,77.0,74.0,68,65,2797,0.0296666666666666,0.1224285544035275,0.3185333333333333,0.5205577404361816,0.0230389318550125,0.1517858091358098,540,0.0,0.0127701646090534,0.0,0.0759259259259259,0.0025546368552833,0.0505434155482521,0.109658,-0.109658,-0.9694,-89.57,89.57,Epithelial_cells
Eye,Ey_M7,Ey_M10,Eye field,Naive retinal progenitor cells,Developmental progression,106.0,92.0,96,82,43440,0.0,0.0837496419071004,0.2996777777777776,0.3788674033149171,0.01744426089787,0.1320767235279176,52693,0.0,0.132846308913054,0.3603111111111114,0.482492930749815,0.0286415032203551,0.1692380076116328,0.049097,0.049097,0.3234,58.62,58.62,Eye
Eye,Ey_M10,Ey_M16,Naive retinal progenitor cells,Retinal progenitor cells,Developmental progression,92.0,98.0,82,88,52693,0.0,0.132846308913054,0.3603111111111114,0.482492930749815,0.0286415032203551,0.1692380076116328,10201,0.0,0.0466714374407737,0.2236666666666666,0.2157631604744632,0.0105289937680871,0.102610885231963,0.086175,-0.086175,-0.6158,-64.87,64.87,Eye
Eye,Ey_M7,Ey_M16,Eye field,Retinal progenitor cells,Developmental progression,106.0,98.0,96,88,43440,0.0,0.0837496419071004,0.2996777777777776,0.3788674033149171,0.01744426089787,0.1320767235279176,10201,0.0,0.0466714374407737,0.2236666666666666,0.2157631604744632,0.0105289937680871,0.102610885231963,0.037078,-0.037078,-0.3135,-44.27,44.27,Eye
Eye,Ey_M16,Ey_M2,Retinal progenitor cells,Amacrine/Horizontal precursor cells,Developmental progression,98.0,101.0,88,91,10201,0.0,0.0466714374407737,0.2236666666666666,0.2157631604744632,0.0105289937680871,0.102610885231963,5154,0.0,0.018701741904885,0.0199444444444443,0.1016686069072565,0.0037761674905743,0.0614505288063032,0.02797,-0.02797,-0.3307,-59.93,59.93,Eye
Eye,Ey_M16,Ey_M3,Retinal progenitor cells,Bipolar precursor cells,Developmental progression,98.0,102.0,88,92,10201,0.0,0.0466714374407737,0.2236666666666666,0.2157631604744632,0.0105289937680871,0.102610885231963,3414,0.0,0.0247726680986786,0.1178555555555556,0.1417691857059168,0.0048351597117051,0.0695353126958173,0.021899,-0.021899,-0.2499,-46.92,46.92,Eye
Eye,Ey_M7,Ey_M11,Eye field,Optic stalk,Developmental progression,106.0,93.0,96,83,43440,0.0,0.0837496419071004,0.2996777777777776,0.3788674033149171,0.01744426089787,0.1320767235279176,3457,0.0,0.1002264648217786,0.2994222222222222,0.4787387908591264,0.0172844388966041,0.1314702966323728,0.016477,0.016477,0.125,19.67,19.67,Eye
Eye,Ey_M7,Ey_M5,Eye field,Ciliary margin cells,Developmental progression,106.0,104.0,96,94,43440,0.0,0.0837496419071004,0.2996777777777776,0.3788674033149171,0.01744426089787,0.1320767235279176,725,0.0,0.0452493486590038,0.1982222222222222,0.2413793103448276,0.0094454569911258,0.0971877409508308,0.0385,-0.0385,-0.332,-45.97,45.97,Eye
Eye,Ey_M11,Ey_M18,Optic stalk,Suprachiasmatic nucleus,Developmental progression,93.0,100.0,83,90,3457,0.0,0.1002264648217786,0.2994222222222222,0.4787387908591264,0.0172844388966041,0.1314702966323728,6017,0.0,0.0847104315550385,0.2953333333333333,0.3383746052850258,0.0184141375231787,0.1356987012582607,0.015516,-0.015516,-0.1161,-15.48,15.48,Eye
Eye,Ey_M12,Ey_M6,Photoreceptor precursor cells,Cone precursor cells,Developmental progression,94.0,105.0,84,95,4703,0.0,0.0217245729676093,0.0615111111111111,0.1037635551775462,0.004613783920803,0.0679248402339159,5744,0.0,0.0233325595790776,0.1127888888888886,0.1189066852367688,0.0049090913935407,0.0700649084316871,0.001608,0.001608,0.0233,7.4,7.4,Eye
Eye,Ey_M10,Ey_M5,Naive retinal progenitor cells,Ciliary margin cells,Developmental progression,92.0,104.0,82,94,52693,0.0,0.132846308913054,0.3603111111111114,0.482492930749815,0.0286415032203551,0.1692380076116328,725,0.0,0.0452493486590038,0.1982222222222222,0.2413793103448276,0.0094454569911258,0.0971877409508308,0.087597,-0.087597,-0.6348,-65.94,65.94,Eye
Eye,Ey_M12,Ey_M17,Photoreceptor precursor cells,Rod precursor cells,Developmental progression,94.0,99.0,84,89,4703,0.0,0.0217245729676093,0.0615111111111111,0.1037635551775462,0.004613783920803,0.0679248402339159,2743,0.0,0.0202575444565965,0.0,0.0951512942034269,0.0044152015415939,0.0664469829382335,0.001467,-0.001467,-0.0218,-6.75,6.75,Eye
Eye,Ey_M2,Ey_M1,Amacrine/Horizontal precursor cells,Amacrine cells,Developmental progression,101.0,91.0,91,81,5154,0.0,0.018701741904885,0.0199444444444443,0.1016686069072565,0.0037761674905743,0.0614505288063032,10061,0.0,0.0142520734629868,0.0,0.0834907066891959,0.0027805399293238,0.0527308252289284,0.00445,-0.00445,-0.0777,-23.79,23.79,Eye
Eye,Ey_M16,Ey_M12,Retinal progenitor cells,Photoreceptor precursor cells,Developmental progression,98.0,94.0,88,84,10201,0.0,0.0466714374407737,0.2236666666666666,0.2157631604744632,0.0105289937680871,0.102610885231963,4703,0.0,0.0217245729676093,0.0615111111111111,0.1037635551775462,0.004613783920803,0.0679248402339159,0.024947,-0.024947,-0.2867,-53.45,53.45,Eye
Eye,Ey_M5,Ey_M9,Ciliary margin cells,Iris pigment epithelium,Developmental progression,104.0,108.0,94,98,725,0.0,0.0452493486590038,0.1982222222222222,0.2413793103448276,0.0094454569911258,0.0971877409508308,592,0.0,0.0430335960960961,0.1974111111111111,0.2601351351351351,0.0079839321275237,0.0893528518152817,0.002216,-0.002216,-0.0237,-4.9,4.9,Eye
Eye,Ey_M16,Ey_M14,Retinal progenitor cells,Retinal ganglion cells,Developmental progression,98.0,96.0,88,86,10201,0.0,0.0466714374407737,0.2236666666666666,0.2157631604744632,0.0105289937680871,0.102610885231963,11197,0.0,0.0135238307880086,0.0099777777777776,0.1044922747164419,0.0022808240445035,0.0477579736222497,0.033148,-0.033148,-0.4142,-71.02,71.02,Eye
Eye,Ey_M7,Ey_M15,Eye field,Retinal pigment cells,Developmental progression,106.0,97.0,96,87,43440,0.0,0.0837496419071004,0.2996777777777776,0.3788674033149171,0.01744426089787,0.1320767235279176,3242,0.0,0.063407190348893,0.2480555555555555,0.3130783466995682,0.0135438551146124,0.1163780697322841,0.020342,-0.020342,-0.1634,-24.29,24.29,Eye
Eye,Ey_M2,Ey_M8,Amacrine/Horizontal precursor cells,Horizontal cells,Developmental progression,101.0,107.0,91,97,5154,0.0,0.018701741904885,0.0199444444444443,0.1016686069072565,0.0037761674905743,0.0614505288063032,910,0.0,0.0214731379731379,0.0894,0.145054945054945,0.0038000749203871,0.0616447477112778,0.002771,0.002771,0.045,14.82,14.82,Eye
Eye,Ey_M16,Ey_M6,Retinal progenitor cells,Cone precursor cells,Developmental progression,98.0,105.0,88,95,10201,0.0,0.0466714374407737,0.2236666666666666,0.2157631604744632,0.0105289937680871,0.102610885231963,5744,0.0,0.0233325595790776,0.1127888888888886,0.1189066852367688,0.0049090913935407,0.0700649084316871,0.023339,-0.023339,-0.2656,-50.01,50.01,Eye
Eye,Ey_M1,Ey_M4,Amacrine cells,Cholinergic amacrine cells,Developmental progression,91.0,103.0,81,93,10061,0.0,0.0142520734629868,0.0,0.0834907066891959,0.0027805399293238,0.0527308252289284,1426,0.0,0.0264220040517375,0.1338888888888889,0.170406732117812,0.0046181846379424,0.0679572265321533,0.01217,0.01217,0.2001,85.39,85.39,Eye
Eye,Ey_M14,Ey_M13,Retinal ganglion cells,PV-containing retinal ganglion cells,Developmental progression,96.0,95.0,86,85,11197,0.0,0.0135238307880086,0.0099777777777776,0.1044922747164419,0.0022808240445035,0.0477579736222497,1133,0.0,0.0137190350102971,0.0251777777777778,0.1147396293027361,0.002164595737008,0.0465252161414431,0.000195,0.000195,0.0041,1.44,1.44,Eye
Gastrulation,Ga_M10,Ga_M16,Anterior primitive streak,Definitive endoderm,Developmental progression,893.0,354.0,Ga_M10,Ga_M16,893,0.0,0.0011593878312803,0.0,0.0145576707726763,0.00013574959056764058,0.0116511626272934,354,0.0,0.00026051475204017573,0.0,0.0112994350282485,8.463398552172195e-06,0.0029091920789408,0.0008988730792401525,-0.0008988730792401525,-0.1059,-77.52997357644459,77.52997357644459,Gastrulation
Gastrulation,Ga_M11,Ga_M33,Blood progenitors,Primitive erythroid cells,Developmental progression,2978.0,6732.0,Ga_M11,Ga_M33,2978,0.0,0.0004122453548242668,0.0,0.0073875083948959,3.890097707805488e-05,0.0062370647806524,6732,0.0,0.0004304977883409256,0.0,0.0092097445038621,3.115952711093565e-05,0.0055820719370978,1.825243351665884e-05,1.825243351665884e-05,0.0031,4.427565599723868,4.427565599723868,Gastrulation
Gastrulation,Ga_M5,Ga_M6,Epiblast,Primitive streak,Developmental progression,11315.0,7573.0,Ga_M5,Ga_M6,11315,0.0,0.0005461285412677371,0.0,0.0088378258948298,5.6891390488127416e-05,0.0075426381650008,7573,0.0,0.0005834176973751779,0.0,0.0079228839297504,6.965135490751202e-05,0.0083457387274891,3.7289156107440805e-05,3.7289156107440805e-05,0.0047,6.827908320059756,6.827908320059756,Gastrulation
Gastrulation,Ga_M26,Ga_M13,Lateral plate mesoderm,Cardiopharyngeal mesoderm,Spatial continuity,2580.0,2214.0,Ga_M26,Ga_M13,2580,0.0,0.0180307924203273,0.0815666666666667,0.1631782945736434,0.0023549534313269,0.048527862422808,2214,0.0,0.0099859480076282,0.0101999999999999,0.1056910569105691,0.0012668771545747,0.0355932178170884,0.008044844412699,-0.008044844412699,-0.189,-44.61725377987046,44.61725377987046,Gastrulation
Gastrulation,Ga_M31,Ga_M25,Paraxial mesoderm (Tbx6+),Intermediate mesoderm,Developmental progression,6185.0,1064.0,Ga_M31,Ga_M25,6185,0.0,0.0069135722626425,0.0,0.0780921584478577,0.0008626574927838471,0.0293710315240007,1064,0.0,0.0089153091060985,0.0025444444444444,0.1015037593984962,0.0010831281005442,0.0329109115726728,0.0020017368434559,0.0020017368434559,0.0642,28.95372706628593,28.95372706628593,Gastrulation
Gastrulation,Ga_M3,Ga_M4,Extraembryonic visceral endoderm,Embryonic visceral endoderm,Spatial continuity,8894.0,1260.0,Ga_M3,Ga_M4,8894,0.0,0.00021376458536341605,0.0,0.0048347200359793,1.9082193190675176e-05,0.004368316974611,1260,0.0,0.0010089065255731,0.0,0.0087301587301587,0.0001960701801740383,0.0140025062104624,0.0007951419402097761,0.0007951419402097761,0.0767,371.9708476771184,371.9708476771184,Gastrulation
Gastrulation,Ga_M18,Ga_M31,Extraembryonic mesoderm,Paraxial mesoderm (Tbx6+),Spatial continuity,3194.0,6185.0,Ga_M18,Ga_M31,3194,0.0,0.0240241077019411,0.1123444444444445,0.2100814026299311,0.0032573043062573,0.0570727983040727,6185,0.0,0.0069135722626425,0.0,0.0780921584478577,0.0008626574927838471,0.0293710315240007,0.0171105354392985,-0.0171105354392985,-0.377,-71.22235569197028,71.22235569197028,Gastrulation
Gastrulation,Ga_M4,Ga_M21,Embryonic visceral endoderm,Gut,Developmental progression,1260.0,1896.0,Ga_M4,Ga_M21,1260,0.0,0.0010089065255731,0.0,0.0087301587301587,0.0001960701801740383,0.0140025062104624,1896,0.0,0.0180522737927801,0.076,0.1476793248945147,0.0026614150060001,0.0515889039038448,0.0170433672672069,0.0170433672672069,0.4509,1689.2910131118483,1689.2910131118483,Gastrulation
Gastrulation,Ga_M15,Ga_M36,Definitive ectoderm,Surface ectoderm,Developmental progression,6516.0,2795.0,Ga_M15,Ga_M36,6516,0.0,0.0031198247049996,0.0,0.0334561080417434,0.0004280646843962777,0.0206897241256687,2795,0.0,0.0026115682766845,0.0,0.0314847942754919,0.0003417553695426857,0.0184866267756636,0.0005082564283151029,-0.0005082564283151029,-0.0259,-16.29118544707333,16.29118544707333,Gastrulation
Gastrulation,Ga_M18,Ga_M7,Extraembryonic mesoderm,Allantois,Developmental progression,3194.0,2804.0,Ga_M18,Ga_M7,3194,0.0,0.0240241077019411,0.1123444444444445,0.2100814026299311,0.0032573043062573,0.0570727983040727,2804,0.0,0.0045471152322079,0.0,0.0542082738944365,0.0005838386244891942,0.0241627528334251,0.0194769924697331,-0.0194769924697331,-0.4444,-81.07269877149047,81.07269877149047,Gastrulation
Gastrulation,Ga_M13,Ga_M32,Cardiopharyngeal mesoderm,Paraxial mesoderm (Tbx6-),Developmental progression,2214.0,3107.0,Ga_M13,Ga_M32,2214,0.0,0.0099859480076282,0.0101999999999999,0.1056910569105691,0.0012668771545747,0.0355932178170884,3107,0.0,0.0165324893609412,0.0620444444444445,0.1441905374959768,0.0024506276704615,0.0495038147061572,0.006546541353313,0.006546541353313,0.1518,65.55753493120676,65.55753493120676,Gastrulation
Gastrulation,Ga_M18,Ga_M26,Extraembryonic mesoderm,Lateral plate mesoderm,Spatial continuity,3194.0,2580.0,Ga_M18,Ga_M26,3194,0.0,0.0240241077019411,0.1123444444444445,0.2100814026299311,0.0032573043062573,0.0570727983040727,2580,0.0,0.0180307924203273,0.0815666666666667,0.1631782945736434,0.0023549534313269,0.048527862422808,0.0059933152816138,-0.0059933152816138,-0.1131,-24.94708796668264,24.94708796668264,Gastrulation
Gastrulation,Ga_M5,Ga_M15,Epiblast,Definitive ectoderm,Developmental progression,11315.0,6516.0,Ga_M5,Ga_M15,11315,0.0,0.0005461285412677371,0.0,0.0088378258948298,5.6891390488127416e-05,0.0075426381650008,6516,0.0,0.0031198247049996,0.0,0.0334561080417434,0.0004280646843962777,0.0206897241256687,0.0025736961637319,0.0025736961637319,0.1653,471.2619775845369,471.2619775845369,Gastrulation
Gastrulation,Ga_M14,Ga_M31,CLE and NMPs,Paraxial mesoderm (Tbx6+),Developmental progression,4992.0,6185.0,Ga_M14,Ga_M31,4992,0.0,0.006091635505698,0.0,0.0586939102564102,0.0009089940649455624,0.0301495284365371,6185,0.0,0.0069135722626425,0.0,0.0780921584478577,0.0008626574927838471,0.0293710315240007,0.0008219367569445883,0.0008219367569445883,0.0276,13.4928748802479,13.4928748802479,Gastrulation
Gastrulation,Ga_M15,Ga_M35,Definitive ectoderm,Spinal cord,Developmental progression,6516.0,2150.0,Ga_M15,Ga_M35,6516,0.0,0.0031198247049996,0.0,0.0334561080417434,0.0004280646843962777,0.0206897241256687,2150,0.0,0.015675142118863,0.0439666666666667,0.1293023255813953,0.0024370790749084,0.0493667810871684,0.0125553174138633,0.0125553174138633,0.3317,402.4366302934564,402.4366302934564,Gastrulation
Gastrulation,Ga_M28,Ga_M31,Nascent mesoderm,Paraxial mesoderm (Tbx6+),Developmental progression,5501.0,6185.0,Ga_M28,Ga_M31,5501,0.0,0.0032225857924821,0.0,0.0461734230139974,0.00034003048247160857,0.0184399154681253,6185,0.0,0.0069135722626425,0.0,0.0780921584478577,0.0008626574927838471,0.0293710315240007,0.0036909864701604,0.0036909864701604,0.1505,114.5349327478249,114.5349327478249,Gastrulation
Gastrulation,Ga_M15,Ga_M27,Definitive ectoderm,Midbrain,Developmental progression,6516.0,1228.0,Ga_M15,Ga_M27,6516,0.0,0.0031198247049996,0.0,0.0334561080417434,0.0004280646843962777,0.0206897241256687,1228,0.0,0.0038412956930872,0.0,0.0456026058631921,0.0005452337297011789,0.0233502404634551,0.000721470988087565,0.000721470988087565,0.0327,23.12536941358838,23.12536941358838,Gastrulation
Gastrulation,Ga_M14,Ga_M35,CLE and NMPs,Spinal cord,Developmental progression,4992.0,2150.0,Ga_M14,Ga_M35,4992,0.0,0.006091635505698,0.0,0.0586939102564102,0.0009089940649455624,0.0301495284365371,2150,0.0,0.015675142118863,0.0439666666666667,0.1293023255813953,0.0024370790749084,0.0493667810871684,0.009583506613165,0.009583506613165,0.2343,157.32239074712868,157.32239074712868,Gastrulation
Gastrulation,Ga_M26,Ga_M25,Lateral plate mesoderm,Intermediate mesoderm,Developmental progression,2580.0,1064.0,Ga_M26,Ga_M25,2580,0.0,0.0180307924203273,0.0815666666666667,0.1631782945736434,0.0023549534313269,0.048527862422808,1064,0.0,0.0089153091060985,0.0025444444444444,0.1015037593984962,0.0010831281005442,0.0329109115726728,0.0091154833142287,-0.0091154833142287,-0.2199,-50.55508988031074,50.55508988031074,Gastrulation
Gastrulation,Ga_M24,Ga_M35,Hindbrain,Spinal cord,Spatial continuity,1075.0,2150.0,Ga_M24,Ga_M35,1075,0.0,0.0103043927648578,0.0,0.0911627906976744,0.0015086130430807,0.0388408682070928,2150,0.0,0.015675142118863,0.0439666666666667,0.1293023255813953,0.0024370790749084,0.0493667810871684,0.0053707493540051,0.0053707493540051,0.1209,52.12096895531373,52.12096895531373,Gastrulation
Gastrulation,Ga_M15,Ga_M20,Definitive ectoderm,Forebrain,Developmental progression,6516.0,1429.0,Ga_M15,Ga_M20,6516,0.0,0.0031198247049996,0.0,0.0334561080417434,0.0004280646843962777,0.0206897241256687,1429,0.0,0.0092119586346318,0.0,0.0755773268019594,0.0015672469464921,0.0395884698680333,0.0060921339296321,0.0060921339296321,0.1929,195.2716740741637,195.2716740741637,Gastrulation
Gastrulation,Ga_M6,Ga_M28,Primitive streak,Nascent mesoderm,Developmental progression,7573.0,5501.0,Ga_M6,Ga_M28,7573,0.0,0.0005834176973751779,0.0,0.0079228839297504,6.965135490751202e-05,0.0083457387274891,5501,0.0,0.0032225857924821,0.0,0.0461734230139974,0.00034003048247160857,0.0184399154681253,0.0026391680951069,0.0026391680951069,0.1844,452.3633936681611,452.3633936681611,Gastrulation
Gastrulation,Ga_M23,Ga_M11,Hematoendothelial progenitors,Blood progenitors,Developmental progression,2598.0,2978.0,Ga_M23,Ga_M11,2598,0.0,0.0010999914464117,0.0,0.0161662817551963,0.00014221518646864424,0.0119254008934142,2978,0.0,0.0004122453548242668,0.0,0.0073875083948959,3.890097707805488e-05,0.0062370647806524,0.0006877460915875027,-0.0006877460915875027,-0.0723,-62.52285813957617,62.52285813957617,Gastrulation
Gastrulation,Ga_M36,Ga_M8,Surface ectoderm,Amniotic ectoderm,Developmental progression,2795.0,524.0,Ga_M36,Ga_M8,2795,0.0,0.0026115682766845,0.0,0.0314847942754919,0.0003417553695426857,0.0184866267756636,524,0.0,0.0015600084817642,0.0,0.0305343511450381,0.00011664844695599804,0.0108003910556978,0.0010515597949203,-0.0010515597949203,-0.0695,-40.26545291993392,40.26545291993392,Gastrulation
Gastrulation,Ga_M13,Ga_M25,Cardiopharyngeal mesoderm,Intermediate mesoderm,Spatial continuity,2214.0,1064.0,Ga_M13,Ga_M25,2214,0.0,0.0099859480076282,0.0101999999999999,0.1056910569105691,0.0012668771545747,0.0355932178170884,1064,0.0,0.0089153091060985,0.0025444444444444,0.1015037593984962,0.0010831281005442,0.0329109115726728,0.0010706389015296,-0.0010706389015296,-0.0312,-10.721454795396374,10.721454795396374,Gastrulation
Gastrulation,Ga_M28,Ga_M18,Nascent mesoderm,Extraembryonic mesoderm,Developmental progression,5501.0,3194.0,Ga_M28,Ga_M18,5501,0.0,0.0032225857924821,0.0,0.0461734230139974,0.00034003048247160857,0.0184399154681253,3194,0.0,0.0240241077019411,0.1123444444444445,0.2100814026299311,0.0032573043062573,0.0570727983040727,0.0208015219094589,0.0208015219094589,0.4905,645.4916408427634,645.4916408427634,Gastrulation
Gastrulation,Ga_M16,Ga_M21,Definitive endoderm,Gut,Developmental progression,354.0,1896.0,Ga_M16,Ga_M21,354,0.0,0.00026051475204017573,0.0,0.0112994350282485,8.463398552172195e-06,0.0029091920789408,1896,0.0,0.0180522737927801,0.076,0.1476793248945147,0.0026614150060001,0.0515889039038448,0.0177917590407399,0.0177917590407399,0.487,6829.463169132225,6829.463169132225,Gastrulation
Gastrulation,Ga_M18,Ga_M22,Extraembryonic mesoderm,Gut mesenchyme,Developmental progression,3194.0,1065.0,Ga_M18,Ga_M22,3194,0.0,0.0240241077019411,0.1123444444444445,0.2100814026299311,0.0032573043062573,0.0570727983040727,1065,0.0228888888888888,0.0743738132498696,0.2158444444444444,0.536150234741784,0.007867894605079,0.0887011533469494,0.0503497055479284,0.0503497055479284,0.6751,209.5799193568393,209.5799193568393,Gastrulation
Gastrulation,Ga_M6,Ga_M15,Primitive streak,Definitive ectoderm,Spatial continuity,7573.0,6516.0,Ga_M6,Ga_M15,7573,0.0,0.0005834176973751779,0.0,0.0079228839297504,6.965135490751202e-05,0.0083457387274891,6516,0.0,0.0031198247049996,0.0,0.0334561080417434,0.0004280646843962777,0.0206897241256687,0.0025364070076244,0.0025364070076244,0.1608,434.7497545987872,434.7497545987872,Gastrulation
Gastrulation,Ga_M23,Ga_M17,Hematoendothelial progenitors,Endothelium,Developmental progression,2598.0,982.0,Ga_M23,Ga_M17,2598,0.0,0.0010999914464117,0.0,0.0161662817551963,0.00014221518646864424,0.0119254008934142,982,0.0,0.0007445123331070378,0.0,0.0091649694501018,9.901385559750572e-05,0.0099505706166785,0.0003554791133047317,-0.0003554791133047317,-0.0324,-32.31653432072799,32.31653432072799,Gastrulation
Gastrulation,Ga_M18,Ga_M9,Extraembryonic mesoderm,Amniotic mesoderm,Developmental progression,3194.0,1152.0,Ga_M18,Ga_M9,3194,0.0,0.0240241077019411,0.1123444444444445,0.2100814026299311,0.0032573043062573,0.0570727983040727,1152,0.0,0.0083873456790123,0.0,0.0868055555555555,0.0010742258881464,0.0327753854004252,0.0156367620229287,-0.0156367620229287,-0.336,-65.08779521357769,65.08779521357769,Gastrulation
Gastrulation,Ga_M9,Ga_M22,Amniotic mesoderm,Gut mesenchyme,Spatial continuity,1152.0,1065.0,Ga_M9,Ga_M22,1152,0.0,0.0083873456790123,0.0,0.0868055555555555,0.0010742258881464,0.0327753854004252,1065,0.0228888888888888,0.0743738132498696,0.2158444444444444,0.536150234741784,0.007867894605079,0.0887011533469494,0.0659864675708572,0.0659864675708572,0.9868,786.7383806056208,786.7383806056208,Gastrulation
Gastrulation,Ga_M24,Ga_M27,Hindbrain,Midbrain,Spatial continuity,1075.0,1228.0,Ga_M24,Ga_M27,1075,0.0,0.0103043927648578,0.0,0.0911627906976744,0.0015086130430807,0.0388408682070928,1228,0.0,0.0038412956930872,0.0,0.0456026058631921,0.0005452337297011789,0.0233502404634551,0.0064630970717706,-0.0064630970717706,-0.2017,-62.72176555432179,62.72176555432179,Gastrulation
Gastrulation,Ga_M36,Ga_M14,Surface ectoderm,CLE and NMPs,Developmental progression,2795.0,4992.0,Ga_M36,Ga_M14,2795,0.0,0.0026115682766845,0.0,0.0314847942754919,0.0003417553695426857,0.0184866267756636,4992,0.0,0.006091635505698,0.0,0.0586939102564102,0.0009089940649455624,0.0301495284365371,0.0034800672290134,0.0034800672290134,0.1392,133.2558394158269,133.2558394158269,Gastrulation
Gastrulation,Ga_M26,Ga_M9,Lateral plate mesoderm,Amniotic mesoderm,Developmental progression,2580.0,1152.0,Ga_M26,Ga_M9,2580,0.0,0.0180307924203273,0.0815666666666667,0.1631782945736434,0.0023549534313269,0.048527862422808,1152,0.0,0.0083873456790123,0.0,0.0868055555555555,0.0010742258881464,0.0327753854004252,0.0096434467413149,-0.0096434467413149,-0.2329,-53.48321092334946,53.48321092334946,Gastrulation
Gastrulation,Ga_M26,Ga_M12,Lateral plate mesoderm,Cardiogenic mesoderm,Developmental progression,2580.0,877.0,Ga_M26,Ga_M12,2580,0.0,0.0180307924203273,0.0815666666666667,0.1631782945736434,0.0023549534313269,0.048527862422808,877,0.0,0.0031095907766375,0.0,0.0319270239452679,0.0004717513083573464,0.0217198367479441,0.0149212016436897,-0.0149212016436897,-0.3969,-82.75399824839711,82.75399824839711,Gastrulation
Gastrulation,Ga_M18,Ga_M25,Extraembryonic mesoderm,Intermediate mesoderm,Spatial continuity,3194.0,1064.0,Ga_M18,Ga_M25,3194,0.0,0.0240241077019411,0.1123444444444445,0.2100814026299311,0.0032573043062573,0.0570727983040727,1064,0.0,0.0089153091060985,0.0025444444444444,0.1015037593984962,0.0010831281005442,0.0329109115726728,0.0151087985958425,-0.0151087985958425,-0.3243,-62.89015510291679,62.89015510291679,Gastrulation
Gastrulation,Ga_M15,Ga_M24,Definitive ectoderm,Hindbrain,Developmental progression,6516.0,1075.0,Ga_M15,Ga_M24,6516,0.0,0.0031198247049996,0.0,0.0334561080417434,0.0004280646843962777,0.0206897241256687,1075,0.0,0.0103043927648578,0.0,0.0911627906976744,0.0015086130430807,0.0388408682070928,0.0071845680598582,0.0071845680598582,0.2309,230.28755584711635,230.28755584711635,Gastrulation
Gastrulation,Ga_M31,Ga_M32,Paraxial mesoderm (Tbx6+),Paraxial mesoderm (Tbx6-),Spatial continuity,6185.0,3107.0,Ga_M31,Ga_M32,6185,0.0,0.0069135722626425,0.0,0.0780921584478577,0.0008626574927838471,0.0293710315240007,3107,0.0,0.0165324893609412,0.0620444444444445,0.1441905374959768,0.0024506276704615,0.0495038147061572,0.0096189170982986,0.0096189170982986,0.2363,139.13092584964147,139.13092584964147,Gastrulation
Gastrulation,Ga_M7,Ga_M23,Allantois,Hematoendothelial progenitors,Developmental progression,2804.0,2598.0,Ga_M7,Ga_M23,2804,0.0,0.0045471152322079,0.0,0.0542082738944365,0.0005838386244891942,0.0241627528334251,2598,0.0,0.0010999914464117,0.0,0.0161662817551963,0.00014221518646864424,0.0119254008934142,0.0034471237857961,-0.0034471237857961,-0.1809,-75.80902637741944,75.80902637741944,Gastrulation
Gastrulation,Ga_M28,Ga_M23,Nascent mesoderm,Hematoendothelial progenitors,Developmental progression,5501.0,2598.0,Ga_M28,Ga_M23,5501,0.0,0.0032225857924821,0.0,0.0461734230139974,0.00034003048247160857,0.0184399154681253,2598,0.0,0.0010999914464117,0.0,0.0161662817551963,0.00014221518646864424,0.0119254008934142,0.0021225943460704,-0.0021225943460704,-0.1367,-65.86618581333381,65.86618581333381,Gastrulation
Gastrulation,Ga_M15,Ga_M34,Definitive ectoderm,Primordial germ cells,Developmental progression,6516.0,380.0,Ga_M15,Ga_M34,6516,0.0,0.0031198247049996,0.0,0.0334561080417434,0.0004280646843962777,0.0206897241256687,380,0.0,0.002028947368421,0.0,0.0236842105263157,0.00027204407986887967,0.0164937588156514,0.0010908773365786,-0.0010908773365786,-0.0583,-34.96598173706446,34.96598173706446,Gastrulation
Gastrulation,Ga_M15,Ga_M29,Definitive ectoderm,Neural crest,Developmental progression,6516.0,721.0,Ga_M15,Ga_M29,6516,0.0,0.0031198247049996,0.0,0.0334561080417434,0.0004280646843962777,0.0206897241256687,721,0.0,0.00027693018955154893,0.0,0.0083217753120665,1.2388309465781613e-05,0.0035197030365901,0.0028428945154481,-0.0028428945154481,-0.1916,-91.12353366816554,91.12353366816554,Gastrulation
Gastrulation,Ga_M6,Ga_M34,Primitive streak,Primordial germ cells,Developmental progression,7573.0,380.0,Ga_M6,Ga_M34,7573,0.0,0.0005834176973751779,0.0,0.0079228839297504,6.965135490751202e-05,0.0083457387274891,380,0.0,0.002028947368421,0.0,0.0236842105263157,0.00027204407986887967,0.0164937588156514,0.0014455296710458,0.0014455296710458,0.1106,247.76925306677825,247.76925306677825,Gastrulation
Gastrulation,Ga_M26,Ga_M22,Lateral plate mesoderm,Gut mesenchyme,Developmental progression,2580.0,1065.0,Ga_M26,Ga_M22,2580,0.0,0.0180307924203273,0.0815666666666667,0.1631782945736434,0.0023549534313269,0.048527862422808,1065,0.0228888888888888,0.0743738132498696,0.2158444444444444,0.536150234741784,0.007867894605079,0.0887011533469494,0.0563430208295422,0.0563430208295422,0.7881,312.4822221680234,312.4822221680234,Gastrulation
Gastrulation,Ga_M10,Ga_M30,Anterior primitive streak,Notochord,Developmental progression,893.0,952.0,Ga_M10,Ga_M30,893,0.0,0.0011593878312803,0.0,0.0145576707726763,0.00013574959056764058,0.0116511626272934,952,0.0,0.0314645191409897,0.1584333333333333,0.2331932773109243,0.0043524829344597,0.0659733501836897,0.0303051313097094,0.0303051313097094,0.6397,2613.890752695155,2613.890752695155,Gastrulation
Gastrulation,Ga_M20,Ga_M27,Forebrain,Midbrain,Spatial continuity,1429.0,1228.0,Ga_M20,Ga_M27,1429,0.0,0.0092119586346318,0.0,0.0755773268019594,0.0015672469464921,0.0395884698680333,1228,0.0,0.0038412956930872,0.0,0.0456026058631921,0.0005452337297011789,0.0233502404634551,0.0053706629415446,-0.0053706629415446,-0.1653,-58.30098847115865,58.30098847115865,Gastrulation
Gastrulation,Ga_M6,Ga_M10,Primitive streak,Anterior primitive streak,Developmental progression,7573.0,893.0,Ga_M6,Ga_M10,7573,0.0,0.0005834176973751779,0.0,0.0079228839297504,6.965135490751202e-05,0.0083457387274891,893,0.0,0.0011593878312803,0.0,0.0145576707726763,0.00013574959056764058,0.0116511626272934,0.0005759701339051503,0.0005759701339051503,0.0568,98.7234594522013,98.7234594522013,Gastrulation
Gastrulation,Ga_M28,Ga_M13,Nascent mesoderm,Cardiopharyngeal mesoderm,Developmental progression,5501.0,2214.0,Ga_M28,Ga_M13,5501,0.0,0.0032225857924821,0.0,0.0461734230139974,0.00034003048247160857,0.0184399154681253,2214,0.0,0.0099859480076282,0.0101999999999999,0.1056910569105691,0.0012668771545747,0.0355932178170884,0.006763362215146,0.006763362215146,0.2386,209.87376754791111,209.87376754791111,Gastrulation
Gastrulation,Ga_M28,Ga_M34,Nascent mesoderm,Primordial germ cells,Developmental progression,5501.0,380.0,Ga_M28,Ga_M34,5501,0.0,0.0032225857924821,0.0,0.0461734230139974,0.00034003048247160857,0.0184399154681253,380,0.0,0.002028947368421,0.0,0.0236842105263157,0.00027204407986887967,0.0164937588156514,0.0011936384240611,-0.0011936384240611,-0.0682,-37.03977181447605,37.03977181447605,Gastrulation
Gastrulation,Ga_M35,Ga_M19,Spinal cord,Floor plate,Developmental progression,2150.0,258.0,Ga_M35,Ga_M19,2150,0.0,0.015675142118863,0.0439666666666667,0.1293023255813953,0.0024370790749084,0.0493667810871684,258,0.0766666666666666,0.0965757967269595,0.255,0.5930232558139535,0.0099001917873845,0.0994997074738642,0.0809006546080964,0.0809006546080964,1.03,516.1079497374557,516.1079497374557,Gastrulation
Gastrulation,Ga_M14,Ga_M34,CLE and NMPs,Primordial germ cells,Developmental progression,4992.0,380.0,Ga_M14,Ga_M34,4992,0.0,0.006091635505698,0.0,0.0586939102564102,0.0009089940649455624,0.0301495284365371,380,0.0,0.002028947368421,0.0,0.0236842105263157,0.00027204407986887967,0.0164937588156514,0.0040626881372769,-0.0040626881372769,-0.1672,-66.69289607818439,66.69289607818439,Gastrulation
Gastrulation,Ga_M28,Ga_M26,Nascent mesoderm,Lateral plate mesoderm,Developmental progression,5501.0,2580.0,Ga_M28,Ga_M26,5501,0.0,0.0032225857924821,0.0,0.0461734230139974,0.00034003048247160857,0.0184399154681253,2580,0.0,0.0180307924203273,0.0815666666666667,0.1631782945736434,0.0023549534313269,0.048527862422808,0.0148082066278451,0.0148082066278451,0.4034,459.5131854174534,459.5131854174534,Gastrulation
Gastrulation,Ga_M28,Ga_M32,Nascent mesoderm,Paraxial mesoderm (Tbx6-),Developmental progression,5501.0,3107.0,Ga_M28,Ga_M32,5501,0.0,0.0032225857924821,0.0,0.0461734230139974,0.00034003048247160857,0.0184399154681253,3107,0.0,0.0165324893609412,0.0620444444444445,0.1441905374959768,0.0024506276704615,0.0495038147061572,0.013309903568459,0.013309903568459,0.3563,413.0193709507794,413.0193709507794,Gastrulation
Gut,G_M8,G_M14,Gut,Midgut/Hindgut epithelial cells,Developmental progression,123.0,114.0,31,104,21287,0.1754444444444444,0.1631790816512947,0.3268888888888889,0.6573495560670832,0.0210724788645575,0.145163627898167,47855,0.0,0.0158948908160066,0.0159555555555553,0.1046494619162052,0.0029861300961631,0.054645494747171,0.147284,-0.147284,-1.3429,-90.26,90.26,Gut
Gut,G_M13,G_M4,Lung progenitor cells,Alveolar Type 2 cells,Developmental progression,113.0,119.0,103,109,28988,0.0,0.1006829952624074,0.2954444444444444,0.4826134952394094,0.0156743602670593,0.1251972853821491,21443,0.0,0.0222638260608227,0.0858666666666665,0.1129972485193303,0.0046082024276025,0.0678837419976425,0.078419,-0.078419,-0.7787,-77.89,77.89,Gut
Gut,G_M13,G_M3,Lung progenitor cells,Alveolar Type 1 cells,Developmental progression,113.0,118.0,103,108,28988,0.0,0.1006829952624074,0.2954444444444444,0.4826134952394094,0.0156743602670593,0.1251972853821491,14321,0.0,0.0414359875551831,0.2126666666666666,0.2166049856853571,0.0077575963247792,0.0880772179668454,0.059247,-0.059247,-0.5474,-58.85,58.85,Gut
Gut,G_M8,G_M9,Gut,Hepatocytes,Developmental progression,123.0,124.0,31,112,21287,0.1754444444444444,0.1631790816512947,0.3268888888888889,0.6573495560670832,0.0210724788645575,0.145163627898167,289569,0.0,0.0275054040084861,0.1383333333333333,0.1748426109148424,0.0048798231867276,0.0698557312375126,0.135674,-0.135674,-1.191,-83.14,83.14,Gut
Gut,G_M13,G_M1,Lung progenitor cells,Airway club cells,Developmental progression,113.0,109.0,103,99,28988,0.0,0.1006829952624074,0.2954444444444444,0.4826134952394094,0.0156743602670593,0.1251972853821491,6264,0.0,0.0303532531573719,0.1667555555555554,0.1623563218390804,0.0059353729539749,0.0770413717036171,0.07033,-0.07033,-0.6766,-69.85,69.85,Gut
Gut,G_M8,G_M13,Gut,Lung progenitor cells,Developmental progression,123.0,113.0,31,103,21287,0.1754444444444444,0.1631790816512947,0.3268888888888889,0.6573495560670832,0.0210724788645575,0.145163627898167,28988,0.0,0.1006829952624074,0.2954444444444444,0.4826134952394094,0.0156743602670593,0.1251972853821491,0.062496,-0.062496,-0.4611,-38.3,38.3,Gut
Gut,G_M8,G_M7,Gut,Foregut epithelial cells,Developmental progression,123.0,122.0,31,111,21287,0.1754444444444444,0.1631790816512947,0.3268888888888889,0.6573495560670832,0.0210724788645575,0.145163627898167,6962,0.0,0.0292375594497111,0.1487666666666667,0.1739442688882505,0.0055058292468059,0.0742012752370597,0.133942,-0.133942,-1.1619,-82.08,82.08,Gut
Gut,G_M14,G_M11,Midgut/Hindgut epithelial cells,Intestinal goblet cells,Developmental progression,114.0,111.0,104,101,47855,0.0,0.0158948908160066,0.0159555555555553,0.1046494619162052,0.0029861300961631,0.054645494747171,1745,0.0,0.0139682903533906,0.0,0.0893982808022922,0.0025835272530677,0.0508284099010356,0.001927,-0.001927,-0.0365,-12.12,12.12,Gut
Gut,G_M9,G_M5,Hepatocytes,Biliary epithelial cells,Developmental progression,124.0,120.0,112,110,289569,0.0,0.0275054040084861,0.1383333333333333,0.1748426109148424,0.0048798231867276,0.0698557312375126,1742,0.0,0.0346118127312157,0.1769333333333334,0.2032146957520091,0.0063679538326244,0.0797994601023365,0.007106,0.007106,0.0948,25.84,25.84,Gut
Gut,G_M3,G_M12,Alveolar Type 1 cells,Lung cells (Eln+),Developmental progression,118.0,112.0,108,102,14321,0.0,0.0414359875551831,0.2126666666666666,0.2166049856853571,0.0077575963247792,0.0880772179668454,5308,0.0,0.0697115465126015,0.2645888888888889,0.3285606631499623,0.0144358632786384,0.1201493374040756,0.028276,0.028276,0.2684,68.24,68.24,Gut
Gut,G_M1,G_M2,Airway club cells,Airway goblet cells,Developmental progression,109.0,117.0,99,107,6264,0.0,0.0303532531573719,0.1667555555555554,0.1623563218390804,0.0059353729539749,0.0770413717036171,408,0.0,0.0203981481481481,0.0896,0.142156862745098,0.0035048866796089,0.0592020834059824,0.009955,-0.009955,-0.1449,-32.8,32.8,Gut
Gut,G_M8,G_M15,Gut,Pancreatic acinar cells,Developmental progression,123.0,115.0,31,105,21287,0.1754444444444444,0.1631790816512947,0.3268888888888889,0.6573495560670832,0.0210724788645575,0.145163627898167,3747,0.0,0.0433914242505115,0.1988,0.2570056044835869,0.0079716915122601,0.0892843296007765,0.119788,-0.119788,-0.994,-73.41,73.41,Gut
Gut,G_M8,G_M5,Gut,Biliary epithelial cells,Developmental progression,123.0,120.0,31,110,21287,0.1754444444444444,0.1631790816512947,0.3268888888888889,0.6573495560670832,0.0210724788645575,0.145163627898167,1742,0.0,0.0346118127312157,0.1769333333333334,0.2032146957520091,0.0063679538326244,0.0797994601023365,0.128567,-0.128567,-1.0976,-78.79,78.79,Gut
Gut,G_M13,G_M2,Lung progenitor cells,Airway goblet cells,Developmental progression,113.0,117.0,103,107,28988,0.0,0.1006829952624074,0.2954444444444444,0.4826134952394094,0.0156743602670593,0.1251972853821491,408,0.0,0.0203981481481481,0.0896,0.142156862745098,0.0035048866796089,0.0592020834059824,0.080285,-0.080285,-0.8198,-79.74,79.74,Gut
Gut,G_M8,G_M16,Gut,Pancreatic islets,Developmental progression,123.0,116.0,31,106,21287,0.1754444444444444,0.1631790816512947,0.3268888888888889,0.6573495560670832,0.0210724788645575,0.145163627898167,1323,0.0,0.0317077349458301,0.1523111111111111,0.1950113378684807,0.0056576216755243,0.0752171634371059,0.131471,-0.131471,-1.1372,-80.57,80.57,Gut
Gut,G_M14,G_M10,Midgut/Hindgut epithelial cells,Intestinal enteroendocrine cells,Developmental progression,114.0,110.0,104,100,47855,0.0,0.0158948908160066,0.0159555555555553,0.1046494619162052,0.0029861300961631,0.054645494747171,536,0.0,0.016891583747927,0.0176666666666667,0.1100746268656716,0.0037148449217653,0.0609495276582624,0.000997,0.000997,0.0172,6.27,6.27,Gut
Lateral_plate_mesoderm,L_M24,L_M16,Somatic mesoderm,Limb mesenchyme progenitors,Developmental progression,169.0,160.0,156.0,147.0,126741,0.0,0.0426248394582477,0.1901111111111111,0.2372555053218769,0.0095822527767002,0.0978889818963309,223422,0.0,0.0712391219804276,0.2765555555555555,0.3366051686942199,0.0154186499497025,0.1241718565122649,0.028614,0.028614,0.2559,67.13,67.13,Lateral_plate_mesoderm
Lateral_plate_mesoderm,L_M25,L_M9,Splanchnic mesoderm,Foregut mesenchyme,Developmental progression,170.0,180.0,157.0,163.0,127703,0.0,0.1507177417740991,0.4431111111111111,0.4988371455643172,0.03831283687003,0.1957366518310508,17991,0.2474444444444444,0.2484030286748312,0.5895555555555556,0.7149130120615863,0.0500981849342862,0.2238262382614831,0.097685,0.097685,0.4646,64.81,64.81,Lateral_plate_mesoderm
Lateral_plate_mesoderm,L_M25,L_M14,Splanchnic mesoderm,Hepatic mesenchyme,Developmental progression,170.0,158.0,157.0,145.0,127703,0.0,0.1507177417740991,0.4431111111111111,0.4988371455643172,0.03831283687003,0.1957366518310508,28242,0.0498888888888888,0.1403500066882263,0.3426555555555557,0.5270519085050633,0.0287652454950338,0.1696032001320547,0.010368,-0.010368,-0.0566,-6.88,6.88,Lateral_plate_mesoderm
Lateral_plate_mesoderm,L_M25,L_M19,Splanchnic mesoderm,Mesothelial cells,Developmental progression,170.0,163.0,157.0,150.0,127703,0.0,0.1507177417740991,0.4431111111111111,0.4988371455643172,0.03831283687003,0.1957366518310508,59211,0.0,0.1041335337465448,0.3296666666666666,0.3522994038269916,0.0309942939413489,0.176051963753174,0.046584,-0.046584,-0.2502,-30.91,30.91,Lateral_plate_mesoderm
Lateral_plate_mesoderm,L_M26,L_M27,Vascular smooth muscle cells,Vascular smooth muscle cells (Pparg+),Developmental progression,171.0,172.0,158.0,159.0,24161,0.0,0.0327537031671794,0.1577777777777778,0.1679152352965523,0.0077717916465971,0.0881577656624593,11440,0.0,0.0175213189588189,0.0,0.0916083916083916,0.004054879362074,0.0636779346561585,0.015232,-0.015232,-0.1981,-46.51,46.51,Lateral_plate_mesoderm
Lateral_plate_mesoderm,L_M7,L_M16,Extraembryonic mesoderm,Limb mesenchyme progenitors,Developmental progression,178.0,160.0,28.0,147.0,57543,0.0,0.0873044235518559,0.3144444444444444,0.3677945188815321,0.0186431688489618,0.1365399899258887,223422,0.0,0.0712391219804276,0.2765555555555555,0.3366051686942199,0.0154186499497025,0.1241718565122649,0.016065,-0.016065,-0.1231,-18.4,18.4,Lateral_plate_mesoderm
Lateral_plate_mesoderm,L_M25,L_M21,Splanchnic mesoderm,Renal stromal cells,Developmental progression,170.0,166.0,157.0,153.0,127703,0.0,0.1507177417740991,0.4431111111111111,0.4988371455643172,0.03831283687003,0.1957366518310508,22908,0.0,0.1225092544089401,0.3241111111111111,0.4587916884931028,0.0269014698046815,0.1640166753860152,0.028208,-0.028208,-0.1562,-18.72,18.72,Lateral_plate_mesoderm
Lateral_plate_mesoderm,L_M13,L_M10,Gut mesenchyme,Gastrointestinal smooth muscle cells,Developmental progression,157.0,154.0,32.0,142.0,61542,0.3114444444444444,0.3036564676697756,0.6128888888888888,0.819960352279744,0.0456408817561297,0.2136372667774274,12120,0.0407222222222222,0.1754336266960029,0.5525666666666668,0.5137788778877888,0.0487103379624439,0.2207041865539571,0.128223,-0.128223,-0.5903,-42.23,42.23,Lateral_plate_mesoderm
Lateral_plate_mesoderm,L_M25,L_M8,Splanchnic mesoderm,First heart field,Developmental progression,170.0,179.0,157.0,162.0,127703,0.0,0.1507177417740991,0.4431111111111111,0.4988371455643172,0.03831283687003,0.1957366518310508,28647,0.0,0.0400722239676056,0.1871555555555557,0.2393618878067511,0.0076418702531702,0.0874177913995211,0.110646,-0.110646,-0.7299,-73.41,73.41,Lateral_plate_mesoderm
Lateral_plate_mesoderm,L_M25,L_M17,Splanchnic mesoderm,Lung mesenchyme,Developmental progression,170.0,161.0,157.0,148.0,127703,0.0,0.1507177417740991,0.4431111111111111,0.4988371455643172,0.03831283687003,0.1957366518310508,74124,0.2786666666666666,0.2755751623405824,0.6211111111111112,0.7244212400841833,0.0543060730937038,0.2330366346600975,0.124857,0.124857,0.5802,82.84,82.84,Lateral_plate_mesoderm
Lateral_plate_mesoderm,L_M25,L_M11,Splanchnic mesoderm,Gonad progenitor cells,Developmental progression,170.0,155.0,157.0,143.0,127703,0.0,0.1507177417740991,0.4431111111111111,0.4988371455643172,0.03831283687003,0.1957366518310508,4598,0.0,0.0340977961432506,0.1593666666666669,0.1989995650282731,0.0072704864712388,0.0852671476668406,0.11662,-0.11662,-0.7725,-77.38,77.38,Lateral_plate_mesoderm
Lateral_plate_mesoderm,L_M24,L_M19,Somatic mesoderm,Mesothelial cells,Developmental progression,169.0,163.0,156.0,150.0,126741,0.0,0.0426248394582477,0.1901111111111111,0.2372555053218769,0.0095822527767002,0.0978889818963309,59211,0.0,0.1041335337465448,0.3296666666666666,0.3522994038269916,0.0309942939413489,0.176051963753174,0.061509,0.061509,0.4318,144.3,144.3,Lateral_plate_mesoderm
Lateral_plate_mesoderm,L_M24,L_M20,Somatic mesoderm,Proepicardium,Developmental progression,169.0,165.0,156.0,152.0,126741,0.0,0.0426248394582477,0.1901111111111111,0.2372555053218769,0.0095822527767002,0.0978889818963309,9654,0.0,0.025752480261492,0.1156666666666667,0.1687383467992542,0.004920254573918,0.0701445263289873,0.016872,-0.016872,-0.1981,-39.58,39.58,Lateral_plate_mesoderm
Lateral_plate_mesoderm,L_M25,L_M20,Splanchnic mesoderm,Proepicardium,Developmental progression,170.0,165.0,157.0,152.0,127703,0.0,0.1507177417740991,0.4431111111111111,0.4988371455643172,0.03831283687003,0.1957366518310508,9654,0.0,0.025752480261492,0.1156666666666667,0.1687383467992542,0.004920254573918,0.0701445263289873,0.124965,-0.124965,-0.85,-82.91,82.91,Lateral_plate_mesoderm
Lateral_plate_mesoderm,L_M8,L_M5,First heart field,Atrial cardiomyocytes,Developmental progression,179.0,176.0,162.0,161.0,28647,0.0,0.0400722239676056,0.1871555555555557,0.2393618878067511,0.0076418702531702,0.0874177913995211,1286,0.0,0.0183703991705546,0.0583333333333333,0.1244167962674961,0.0032619150107008,0.0571131772071979,0.021702,-0.021702,-0.2939,-54.16,54.16,Lateral_plate_mesoderm
Lateral_plate_mesoderm,L_M24,L_M22,Somatic mesoderm,Second heart field,Developmental progression,169.0,167.0,156.0,154.0,126741,0.0,0.0426248394582477,0.1901111111111111,0.2372555053218769,0.0095822527767002,0.0978889818963309,3537,0.0,0.081937392014576,0.2884888888888888,0.3604749787955895,0.0204394573766848,0.1429666302907248,0.039313,0.039313,0.3209,92.23,92.23,Lateral_plate_mesoderm
Lateral_plate_mesoderm,L_M11,L_M12,Gonad progenitor cells,Granulosa cells,Developmental progression,155.0,156.0,143.0,144.0,4598,0.0,0.0340977961432506,0.1593666666666669,0.1989995650282731,0.0072704864712388,0.0852671476668406,108,0.0,0.0308148148148148,0.1196666666666666,0.2129629629629629,0.005134963655244,0.0716586607134406,0.003283,-0.003283,-0.0417,-9.63,9.63,Lateral_plate_mesoderm
Lateral_plate_mesoderm,L_M25,L_M26,Splanchnic mesoderm,Vascular smooth muscle cells,Developmental progression,170.0,171.0,157.0,158.0,127703,0.0,0.1507177417740991,0.4431111111111111,0.4988371455643172,0.03831283687003,0.1957366518310508,24161,0.0,0.0327537031671794,0.1577777777777778,0.1679152352965523,0.0077717916465971,0.0881577656624593,0.117964,-0.117964,-0.7771,-78.27,78.27,Lateral_plate_mesoderm
Lateral_plate_mesoderm,L_M8,L_M28,First heart field,Ventricular cardiomyocytes,Developmental progression,179.0,173.0,162.0,160.0,28647,0.0,0.0400722239676056,0.1871555555555557,0.2393618878067511,0.0076418702531702,0.0874177913995211,3735,0.0,0.0173494868362338,0.0234666666666665,0.1052208835341365,0.0034856776305085,0.0590396276284708,0.022723,-0.022723,-0.3046,-56.7,56.7,Lateral_plate_mesoderm
Lateral_plate_mesoderm,L_M26,L_M18,Vascular smooth muscle cells,Meninges,Developmental progression,171.0,162.0,158.0,149.0,24161,0.0,0.0327537031671794,0.1577777777777778,0.1679152352965523,0.0077717916465971,0.0881577656624593,6376,0.0,0.0316048724383103,0.1548333333333333,0.1714240903387704,0.006711339820671,0.0819227674134059,0.001149,-0.001149,-0.0135,-3.51,3.51,Lateral_plate_mesoderm
Lateral_plate_mesoderm,L_M11,L_M1,Gonad progenitor cells,Adrenocortical cells,Developmental progression,155.0,153.0,143.0,141.0,4598,0.0,0.0340977961432506,0.1593666666666669,0.1989995650282731,0.0072704864712388,0.0852671476668406,3048,0.0,0.032671223388743,0.1599222222222222,0.1938976377952755,0.006280137807573,0.0792473205072133,0.001427,-0.001427,-0.0173,-4.18,4.18,Lateral_plate_mesoderm
Lateral_plate_mesoderm,L_M26,L_M2,Vascular smooth muscle cells,Airway smooth muscle cells,Developmental progression,171.0,164.0,158.0,151.0,24161,0.0,0.0327537031671794,0.1577777777777778,0.1679152352965523,0.0077717916465971,0.0881577656624593,6938,0.0,0.061525063258704,0.2492222222222222,0.3034015566445661,0.0123182748394883,0.1109877238233504,0.028771,0.028771,0.2871,87.84,87.84,Lateral_plate_mesoderm
Lateral_plate_mesoderm,L_M11,L_M23,Gonad progenitor cells,Sertoli cells,Developmental progression,155.0,168.0,143.0,155.0,4598,0.0,0.0340977961432506,0.1593666666666669,0.1989995650282731,0.0072704864712388,0.0852671476668406,1719,0.0,0.0642867946480511,0.2636888888888889,0.3257707969749854,0.0122709321952695,0.1107742397638977,0.030189,0.030189,0.3054,88.54,88.54,Lateral_plate_mesoderm
Lateral_plate_mesoderm,L_M11,L_M15,Gonad progenitor cells,Leydig cells,Developmental progression,155.0,159.0,143.0,146.0,4598,0.0,0.0340977961432506,0.1593666666666669,0.1989995650282731,0.0072704864712388,0.0852671476668406,294,0.0,0.0664512471655328,0.2656666666666667,0.3231292517006803,0.0144270792102961,0.1201127770484726,0.032353,0.032353,0.3106,94.88,94.88,Lateral_plate_mesoderm
Lateral_plate_mesoderm,L_M22,L_M5,Second heart field,Atrial cardiomyocytes,Developmental progression,,,,,3537,0.0,0.081937392014576,0.2884888888888888,0.3604749787955895,0.0204394573766848,0.1429666302907248,1286,0.0,0.0183703991705546,0.0583333333333333,0.1244167962674961,0.0032619150107008,0.0571131772071979,0.063567,-0.063567,-0.5839,-77.58,77.58,Lateral_plate_mesoderm
Mesoderm,M_M18,M_M10,Sclerotome,Fibroblasts,Developmental progression,273.0,265.0,253,245,476671,0.2627351511308391,0.2131999827889339,0.5988163179031918,0.5227546882440929,0.0571365608129446,0.2390325517852005,648059,0.0,0.1049509151472706,0.3121961530331854,0.2902806688897152,0.0344932039624236,0.1857234609908603,0.108249,-0.108249,-0.5057,-50.77,50.77,Mesoderm
Mesoderm,M_M18,M_M8,Sclerotome,Early chondrocytes,Developmental progression,273.0,280.0,253,260,476671,0.2627351511308391,0.2131999827889339,0.5988163179031918,0.5227546882440929,0.0571365608129446,0.2390325517852005,144311,0.263580638342845,0.217367385409744,0.5842316634960896,0.5513647608290428,0.0536685372874709,0.2316647087656445,0.004167,0.004167,0.0177,1.95,1.95,Mesoderm
Mesoderm,M_M18,M_M4,Sclerotome,Chondrocytes (Atp1a2+),Developmental progression,273.0,276.0,253,256,476671,0.2627351511308391,0.2131999827889339,0.5988163179031918,0.5227546882440929,0.0571365608129446,0.2390325517852005,118412,0.0,0.1439179968227897,0.3303741280913126,0.4169509846974968,0.0366965096582614,0.1915633306722907,0.069282,-0.069282,-0.3199,-32.5,32.5,Mesoderm
Mesoderm,M_M12,M_M14,Muscle progenitor cells,Myoblasts,Developmental progression,267.0,269.0,247,249,27017,0.0,0.1754757432255305,0.5554850982878884,0.4509753118406929,0.0501674073007274,0.2239808190464697,185751,0.0,0.0770520506242563,0.2974001268230818,0.2310943144316854,0.0234619456179547,0.1531729271704197,0.098424,-0.098424,-0.513,-56.09,56.09,Mesoderm
Mesoderm,M_M10,M_M17,Fibroblasts,Pre-osteoblasts (Sp7+),Developmental progression,265.0,272.0,245,252,648059,0.0,0.1049509151472706,0.3121961530331854,0.2902806688897152,0.0344932039624236,0.1857234609908603,135893,0.2473050095117311,0.2278260603167707,0.5937433946311562,0.5550396267651756,0.0611979347812425,0.2473821634258268,0.122875,0.122875,0.5618,117.08,117.08,Mesoderm
Mesoderm,M_M2,M_M3,Adipocyte progenitor cells,Brown adipocyte cells,Developmental progression,274.0,275.0,254,255,19823,0.0,0.0552055848561182,0.2682308180088776,0.2040054482167179,0.012513033236344,0.1118616700945592,80279,0.0,0.0186811873426554,0.0,0.070205159506222,0.0046896209006268,0.0684808068047303,0.036524,-0.036524,-0.3938,-66.16,66.16,Mesoderm
Mesoderm,M_M9,M_M8,Facial mesenchyme,Early chondrocytes,Developmental progression,281.0,280.0,261,260,382752,0.0,0.1666921636886145,0.3333333333333333,0.4500773346710141,0.0427483215718753,0.2067566723757066,144311,0.263580638342845,0.217367385409744,0.5842316634960896,0.5513647608290428,0.0536685372874709,0.2316647087656445,0.050675,0.050675,0.2308,30.4,30.4,Mesoderm
Mesoderm,M_M7,M_M12,Dermomyotome,Muscle progenitor cells,Developmental progression,279.0,267.0,259,247,131048,0.0,0.167724643445085,0.3902346227013525,0.4588013552286185,0.0424073978894966,0.2059305656999382,27017,0.0,0.1754757432255305,0.5554850982878884,0.4509753118406929,0.0501674073007274,0.2239808190464697,0.007751,0.007751,0.036,4.62,4.62,Mesoderm
Mesoderm,M_M14,M_M16,Myoblasts,Myotubes,Developmental progression,269.0,271.0,249,251,185751,0.0,0.0770520506242563,0.2974001268230818,0.2310943144316854,0.0234619456179547,0.1531729271704197,43267,0.0,0.0403787707280922,0.2344113295286408,0.1406845864053435,0.0117575602274807,0.1084322840646672,0.036673,-0.036673,-0.2764,-47.6,47.6,Mesoderm
Mesoderm,M_M7,M_M6,Dermomyotome,Dermatome,Developmental progression,279.0,278.0,259,258,131048,0.0,0.167724643445085,0.3902346227013525,0.4588013552286185,0.0424073978894966,0.2059305656999382,198888,0.0,0.171476347617675,0.5789473684210527,0.4149722456860142,0.0567766346831685,0.2382784813682689,0.003752,0.003752,0.0168,2.24,2.24,Mesoderm
Mesoderm,M_M2,M_M1,Adipocyte progenitor cells,Adipocyte cells (Cyp2e1+),Developmental progression,274.0,264.0,254,244,19823,0.0,0.0552055848561182,0.2682308180088776,0.2040054482167179,0.012513033236344,0.1118616700945592,14376,0.0,0.0291599429378469,0.2171845275840203,0.1068447412353923,0.0073726899461031,0.0858643694794476,0.026046,-0.026046,-0.2612,-47.18,47.18,Mesoderm
Mesoderm,M_M11,M_M7,Mesodermal progenitors (Tbx6+),Dermomyotome,Developmental progression,266.0,279.0,246,259,50325,0.2819699852039737,0.2036535673900664,0.33143098710632,0.5902036761053154,0.0355080978233378,0.1884359249807154,131048,0.0,0.167724643445085,0.3902346227013525,0.4588013552286185,0.0424073978894966,0.2059305656999382,0.035929,-0.035929,-0.182,-17.64,17.64,Mesoderm
Mesoderm,M_M7,M_M14,Dermomyotome,Myoblasts,Developmental progression,279.0,269.0,259,249,131048,0.0,0.167724643445085,0.3902346227013525,0.4588013552286185,0.0424073978894966,0.2059305656999382,185751,0.0,0.0770520506242563,0.2974001268230818,0.2310943144316854,0.0234619456179547,0.1531729271704197,0.090673,-0.090673,-0.4996,-54.06,54.06,Mesoderm
Mesoderm,M_M4,M_M5,Chondrocytes (Atp1a2+),Chondrocytes (Otor+),Developmental progression,276.0,277.0,256,257,118412,0.0,0.1439179968227897,0.3303741280913126,0.4169509846974968,0.0366965096582614,0.1915633306722907,12063,0.0,0.0731810429543494,0.2916930881420418,0.2204260963276133,0.0230034749452061,0.1516689650034116,0.070737,-0.070737,-0.4094,-49.15,49.15,Mesoderm
Mesoderm,M_M9,M_M17,Facial mesenchyme,Pre-osteoblasts (Sp7+),Developmental progression,281.0,272.0,261,252,382752,0.0,0.1666921636886145,0.3333333333333333,0.4500773346710141,0.0427483215718753,0.2067566723757066,135893,0.2473050095117311,0.2278260603167707,0.5937433946311562,0.5550396267651756,0.0611979347812425,0.2473821634258268,0.061134,0.061134,0.2682,36.67,36.67,Mesoderm
Mesoderm,M_M13,M_M15,Muscle progenitor cells (Prdm1+),Myofibroblasts,Developmental progression,268.0,270.0,248,250,5017,0.0,0.1176740574332199,0.2916930881420418,0.4090093681482958,0.0235815794541287,0.1535629494836847,43951,0.0,0.0397253035113405,0.2060875079264426,0.1830447543855657,0.0076743671721927,0.0876034655261576,0.077949,-0.077949,-0.6235,-66.24,66.24,Mesoderm
Mesoderm,M_M12,M_M13,Muscle progenitor cells,Muscle progenitor cells (Prdm1+),Developmental progression,267.0,268.0,247,248,27017,0.0,0.1754757432255305,0.5554850982878884,0.4509753118406929,0.0501674073007274,0.2239808190464697,5017,0.0,0.1176740574332199,0.2916930881420418,0.4090093681482958,0.0235815794541287,0.1535629494836847,0.057802,-0.057802,-0.301,-32.94,32.94,Mesoderm
Mesoderm,M_M10,M_M2,Fibroblasts,Adipocyte progenitor cells,Developmental progression,265.0,274.0,245,254,648059,0.0,0.1049509151472706,0.3121961530331854,0.2902806688897152,0.0344932039624236,0.1857234609908603,19823,0.0,0.0552055848561182,0.2682308180088776,0.2040054482167179,0.012513033236344,0.1118616700945592,0.049745,-0.049745,-0.3245,-47.4,47.4,Mesoderm
Mesoderm,M_M11,M_M9,Mesodermal progenitors (Tbx6+),Facial mesenchyme,Developmental progression,266.0,281.0,246,261,50325,0.2819699852039737,0.2036535673900664,0.33143098710632,0.5902036761053154,0.0355080978233378,0.1884359249807154,382752,0.0,0.1666921636886145,0.3333333333333333,0.4500773346710141,0.0427483215718753,0.2067566723757066,0.036961,-0.036961,-0.1869,-18.15,18.15,Mesoderm
Notochord,No_M1,No_M2,Notochord,Ciliated nodal cells,Developmental progression,282.0,283.0,40,262,3752,0.3183333333333333,0.2832694859038143,0.4762666666666668,0.8702025586353944,0.0239114792996911,0.1546333705889226,60,0.311,0.2970722222222222,0.342988888888889,0.9166666666666666,0.0132365418811466,0.115050171147837,0.013803,0.013803,0.1013,4.87,4.87,Notochord
PNS_glia,PG_M4,PG_M2,Neural crest (PNS glia),Myelinating Schwann cells,Developmental progression,128.0,126.0,116,114,70165,0.0,0.0587415092995083,0.2393333333333333,0.3072614551414523,0.0124671411530882,0.1116563529454916,35271,0.0,0.0264183669933436,0.1264444444444444,0.1609254061410223,0.0051226839475292,0.0715729274763104,0.032323,-0.032323,-0.3447,-55.03,55.03,PNS_glia
PNS_glia,PG_M4,PG_M6,Neural crest (PNS glia),Satellite glial cells,Developmental progression,128.0,130.0,116,118,70165,0.0,0.0587415092995083,0.2393333333333333,0.3072614551414523,0.0124671411530882,0.1116563529454916,6916,0.0,0.0676274018379281,0.2543333333333333,0.3461538461538461,0.011142039535329,0.1055558597867925,0.008886,0.008886,0.0818,15.13,15.13,PNS_glia
PNS_glia,PG_M4,PG_M3,Neural crest (PNS glia),Myelinating Schwann cells (Tgfb2+),Developmental progression,128.0,127.0,116,115,70165,0.0,0.0587415092995083,0.2393333333333333,0.3072614551414523,0.0124671411530882,0.1116563529454916,7151,0.0,0.046237185164468,0.2077777777777777,0.2375891483708572,0.0104145975124167,0.102051935368305,0.012504,-0.012504,-0.1169,-21.29,21.29,PNS_glia
PNS_glia,PG_M2,PG_M5,Myelinating Schwann cells,Olfactory ensheathing cells,Developmental progression,126.0,129.0,114,117,35271,0.0,0.0264183669933436,0.1264444444444444,0.1609254061410223,0.0051226839475292,0.0715729274763104,3947,0.0,0.0345636066773639,0.1776000000000001,0.1892576640486445,0.0064654391610082,0.0804079545878901,0.008145,0.008145,0.107,30.83,30.83,PNS_glia
PNS_glia,PG_M4,PG_M5,Neural crest (PNS glia),Olfactory ensheathing cells,Developmental progression,128.0,129.0,116,117,70165,0.0,0.0587415092995083,0.2393333333333333,0.3072614551414523,0.0124671411530882,0.1116563529454916,3947,0.0,0.0345636066773639,0.1776000000000001,0.1892576640486445,0.0064654391610082,0.0804079545878901,0.024178,-0.024178,-0.2485,-41.16,41.16,PNS_glia
PNS_glia,PG_M4,PG_M1,Neural crest (PNS glia),Melanocyte cells,Developmental progression,128.0,125.0,116,113,70165,0.0,0.0587415092995083,0.2393333333333333,0.3072614551414523,0.0124671411530882,0.1116563529454916,3293,0.0,0.0176525964166413,0.0277555555555555,0.1084117825690859,0.0034352043644688,0.0586106164825861,0.041089,-0.041089,-0.4608,-69.95,69.95,PNS_glia
PNS_neurons,PN_M4,PN_M5,Neural crest (PNS neurons),Olfactory sensory neurons,Developmental progression,134.0,135.0,122,123,51569,0.0,0.0325816694353412,0.1561111111111111,0.213131920339739,0.0057865203139419,0.0760691811047148,40019,0.0,0.0168344453051467,0.0355777777777782,0.1110972288163122,0.0030788303888996,0.0554872092369007,0.015747,-0.015747,-0.2365,-48.33,48.33,PNS_neurons
PNS_neurons,PN_M4,PN_M2,Neural crest (PNS neurons),Dorsal root ganglion neurons,Developmental progression,134.0,132.0,122,120,51569,0.0,0.0325816694353412,0.1561111111111111,0.213131920339739,0.0057865203139419,0.0760691811047148,13077,0.0,0.0130459925399131,0.0157111111111111,0.1072876041905635,0.0020912521256372,0.0457302102076646,0.019536,-0.019536,-0.3113,-59.96,59.96,PNS_neurons
PNS_neurons,PN_M4,PN_M3,Neural crest (PNS neurons),Enteric neurons,Developmental progression,134.0,133.0,122,121,51569,0.0,0.0325816694353412,0.1561111111111111,0.213131920339739,0.0057865203139419,0.0760691811047148,4787,0.0,0.0291462293712137,0.144088888888889,0.1907248798830165,0.0052043844928228,0.0721414200915313,0.003435,-0.003435,-0.0463,-10.54,10.54,PNS_neurons
PNS_neurons,PN_M5,PN_M1,Olfactory sensory neurons,Corticofugal neurons,Developmental progression,135.0,131.0,123,119,40019,0.0,0.0168344453051467,0.0355777777777782,0.1110972288163122,0.0030788303888996,0.0554872092369007,2807,0.0,0.0113603689189724,0.0,0.0765942287139294,0.0020585466980467,0.0453712100130324,0.005474,-0.005474,-0.108,-32.52,32.52,PNS_neurons
PNS_neurons,PN_M4,PN_M6,Neural crest (PNS neurons),Otic sensory neurons,Developmental progression,134.0,136.0,122,124,51569,0.0,0.0325816694353412,0.1561111111111111,0.213131920339739,0.0057865203139419,0.0760691811047148,7844,0.0,0.0396210975126069,0.1894555555555555,0.23419173890872,0.0074000023574317,0.0860232663727186,0.007039,0.007039,0.0867,21.61,21.61,PNS_neurons
PNS_neurons,PN_M4,PN_M8,Neural crest (PNS neurons),Sympathetic neurons,Developmental progression,134.0,138.0,122,126,51569,0.0,0.0325816694353412,0.1561111111111111,0.213131920339739,0.0057865203139419,0.0760691811047148,18369,0.0,0.0351394983093496,0.1696666666666666,0.2196091240677228,0.0061712723335335,0.0785574460731349,0.002558,0.002558,0.0331,7.85,7.85,PNS_neurons
PNS_neurons,PN_M4,PN_M7,Neural crest (PNS neurons),Parasympathetic neurons,Developmental progression,134.0,137.0,122,125,51569,0.0,0.0325816694353412,0.1561111111111111,0.213131920339739,0.0057865203139419,0.0760691811047148,8353,0.0,0.0271897787887252,0.1344444444444444,0.1852029211061893,0.0046336839979692,0.0680711686249707,0.005392,-0.005392,-0.0747,-16.55,16.55,PNS_neurons
PNS_neurons,PN_M4,PN_M1,Neural crest (PNS neurons),Corticofugal neurons,Developmental progression,134.0,131.0,122,119,51569,0.0,0.0325816694353412,0.1561111111111111,0.213131920339739,0.0057865203139419,0.0760691811047148,2807,0.0,0.0113603689189724,0.0,0.0765942287139294,0.0020585466980467,0.0453712100130324,0.021221,-0.021221,-0.3388,-65.13,65.13,PNS_neurons
Renal,R_M10,R_M7,Posterior intermediate mesoderm,Metanephric mesenchyme,Developmental progression,140.0,150.0,128,138,10600,0.0,0.0642664255765199,0.254,0.3386792452830188,0.0124217910906456,0.1114530891929227,29547,0.0,0.053189821865728,0.2306666666666667,0.2923139405015738,0.009322051400723,0.0965507711037203,0.011077,-0.011077,-0.1062,-17.24,17.24,Renal
Renal,R_M8,R_M11,Nephron progenitors,Proximal tubule cells,Developmental progression,151.0,141.0,139,129,20280,0.0,0.0366297830374753,0.182677777777778,0.2161242603550295,0.0067386234834519,0.0820891191538312,16160,0.0,0.0183765264026402,0.0521111111111111,0.1173886138613861,0.0034507425819729,0.058743021559781,0.018253,-0.018253,-0.2557,-49.83,49.83,Renal
Renal,R_M7,R_M8,Metanephric mesenchyme,Nephron progenitors,Developmental progression,150.0,151.0,138,139,29547,0.0,0.053189821865728,0.2306666666666667,0.2923139405015738,0.009322051400723,0.0965507711037203,20280,0.0,0.0366297830374753,0.182677777777778,0.2161242603550295,0.0067386234834519,0.0820891191538312,0.01656,-0.01656,-0.1848,-31.13,31.13,Renal
Renal,R_M1,R_M10,Anterior intermediate mesoderm,Posterior intermediate mesoderm,Developmental progression,139.0,140.0,127,128,7846,0.0,0.0340170787662503,0.1664444444444444,0.2074942645934234,0.0063743102906263,0.0798392778688929,10600,0.0,0.0642664255765199,0.254,0.3386792452830188,0.0124217910906456,0.1114530891929227,0.030249,0.030249,0.312,88.92,88.92,Renal
Renal,R_M8,R_M9,Nephron progenitors,Podocytes,Developmental progression,151.0,152.0,139,140,20280,0.0,0.0366297830374753,0.182677777777778,0.2161242603550295,0.0067386234834519,0.0820891191538312,4879,0.0,0.0463763749402199,0.2234666666666666,0.2471817995490879,0.0084745453860929,0.0920572940406837,0.009747,0.009747,0.1118,26.61,26.61,Renal
Renal,R_M10,R_M12,Posterior intermediate mesoderm,Renal pericytes and mesangial cells,Developmental progression,140.0,142.0,128,130,10600,0.0,0.0642664255765199,0.254,0.3386792452830188,0.0124217910906456,0.1114530891929227,7956,0.0,0.1148355119825708,0.3247777777777778,0.4287330316742081,0.0252380707962865,0.1588649451461413,0.050569,0.050569,0.3685,78.69,78.69,Renal
Renal,R_M8,R_M2,Nephron progenitors,Ascending loop of Henle,Developmental progression,151.0,145.0,139,133,20280,0.0,0.0366297830374753,0.182677777777778,0.2161242603550295,0.0067386234834519,0.0820891191538312,4087,0.0,0.0182113748198896,0.0522666666666668,0.1130413506239295,0.0034045140589878,0.0583482138457365,0.018418,-0.018418,-0.2586,-50.28,50.28,Renal
Renal,R_M1,R_M13,Anterior intermediate mesoderm,Ureteric bud,Developmental progression,139.0,143.0,127,131,7846,0.0,0.0340170787662503,0.1664444444444444,0.2074942645934234,0.0063743102906263,0.0798392778688929,5851,0.0,0.0371302341480088,0.1767777777777778,0.2240642625192274,0.0067392507833447,0.0820929399116921,0.003113,0.003113,0.0384,9.15,9.15,Renal
Renal,R_M13,R_M4,Ureteric bud,Collecting duct principal cells,Developmental progression,143.0,147.0,131,135,5851,0.0,0.0371302341480088,0.1767777777777778,0.2240642625192274,0.0067392507833447,0.0820929399116921,1895,0.0,0.0303777777777777,0.1526666666666668,0.1894459102902374,0.0053806734509236,0.0733530739023498,0.006752,-0.006752,-0.0867,-18.19,18.19,Renal
Renal,R_M8,R_M6,Nephron progenitors,Distal convoluted tubule,Developmental progression,151.0,149.0,139,137,20280,0.0,0.0366297830374753,0.182677777777778,0.2161242603550295,0.0067386234834519,0.0820891191538312,1287,0.0,0.011098938098938,0.0,0.0745920745920745,0.0020118414602888,0.0448535557151136,0.025531,-0.025531,-0.386,-69.7,69.7,Renal
Renal,R_M1,R_M8,Anterior intermediate mesoderm,Nephron progenitors,Developmental progression,139.0,151.0,127,139,7846,0.0,0.0340170787662503,0.1664444444444444,0.2074942645934234,0.0063743102906263,0.0798392778688929,20280,0.0,0.0366297830374753,0.182677777777778,0.2161242603550295,0.0067386234834519,0.0820891191538312,0.002613,0.002613,0.0323,7.68,7.68,Renal
Renal,R_M13,R_M14,Ureteric bud,Ureteric bud stalk,Developmental progression,143.0,144.0,131,132,5851,0.0,0.0371302341480088,0.1767777777777778,0.2240642625192274,0.0067392507833447,0.0820929399116921,401,0.0,0.0611612635078969,0.2377777777777777,0.371571072319202,0.0099931278179551,0.0999656331843854,0.024031,0.024031,0.2627,64.72,64.72,Renal
Renal,R_M8,R_M5,Nephron progenitors,Connecting tubule,Developmental progression,151.0,148.0,139,136,20280,0.0,0.0366297830374753,0.182677777777778,0.2161242603550295,0.0067386234834519,0.0820891191538312,563,0.0,0.0158192224195776,0.0338,0.1207815275310834,0.0027435961879888,0.0523793488694619,0.020811,-0.020811,-0.3022,-56.81,56.81,Renal
Renal,R_M4,R_M3,Collecting duct principal cells,Collecting duct intercalated cells,Developmental progression,147.0,146.0,135,134,1895,0.0,0.0303777777777777,0.1526666666666668,0.1894459102902374,0.0053806734509236,0.0733530739023498,434,0.0,0.0550468509984639,0.2496,0.2788018433179723,0.0102987329237991,0.1014826730225367,0.024669,0.024669,0.2786,81.21,81.21,Renal
Renal,R_M5,R_M3,Connecting tubule,Collecting duct intercalated cells,Developmental progression,148.0,146.0,136,134,563,0.0,0.0158192224195776,0.0338,0.1207815275310834,0.0027435961879888,0.0523793488694619,434,0.0,0.0550468509984639,0.2496,0.2788018433179723,0.0102987329237991,0.1014826730225367,0.039228,0.039228,0.4858,247.97,247.97,Renal
